,student_id,session,points,Unnamed: 0,idle_time,mouse_wheel,mouse_wheel_click,left_click,right_click,mouse_movement,keystroke,time_delta
0,1,1,5.0,294.5,167194.00169491526,0.7627118644067796,0.0,7.315254237288135,0.4983050847457627,550.6576271186441,2.006779661016949,11.140677966101697
1,1,2,1.5,250.0,522324.65069860284,2.9560878243512976,0.0,8.512974051896208,0.626746506986028,608.3692614770459,6.578842315369261,17.169660678642714
2,1,3,10.0,,,,,,,,,
3,1,4,25.0,260.0,368624.95969289826,2.0940499040307103,0.0,4.8099808061420335,0.0345489443378119,341.43570057581576,5.470249520153551,9.973128598848367
4,1,5,15.0,201.0,838760.6401985113,3.1910669975186106,0.0,7.163771712158809,0.3523573200992556,515.3895781637717,9.416873449131511,17.047146401985113
5,1,6,38.0,402.5,181802.97146401985,1.8746898263027296,0.0,7.816377171215881,0.11910669975186106,584.9925558312655,2.227047146401985,13.188585607940444
6,2,1,5.0,112.0,816839.9155555556,0.0,0.0,0.008888888888888889,0.0,0.2,5.226666666666667,19.822222222222226
7,2,2,2.5,173.0,1488124.7492795386,0.0,0.0,11.348703170028818,0.2824207492795389,212.99711815561957,14.844380403458214,25.135446685878964
8,2,3,8.0,129.5,2412846.073076923,5.303846153846154,0.0,21.76923076923077,1.1769230769230772,1021.8346153846153,19.034615384615385,37.792307692307695
9,2,4,17.0,173.0,306786.3227665706,2.403458213256484,0.0,6.1268011527377535,0.25360230547550433,295.93948126801155,6.495677233429395,12.32564841498559
10,2,5,6.5,149.5,393104.5866666666,5.256666666666667,0.0,8.073333333333334,0.5533333333333333,439.29666666666674,10.64,17.54
11,2,6,5.0,183.0,760093.416893733,2.403269754768393,0.0,8.457765667574932,0.2833787465940055,488.22888283378745,4.212534059945504,16.42506811989101
12,3,1,5.0,,,,,,,,,
13,3,2,3.0,284.5,1076507.605263158,0.0,0.0,5.054385964912281,0.2912280701754386,163.48070175438596,7.596491228070175,14.6
14,3,3,10.0,269.5,1565521.7851851853,0.0,0.0,7.4148148148148145,0.4962962962962963,309.00740740740736,9.031481481481483,17.17962962962963
15,3,4,25.0,300.5,153745.36212624586,1.4601328903654485,0.0,5.282392026578074,0.3654485049833887,437.7475083056478,3.338870431893688,8.772425249169434
16,3,5,9.0,274.0,221496.37887067394,2.601092896174863,0.0,5.74134790528233,0.1894353369763206,360.2021857923497,8.657559198542803,10.09471766848816
17,3,6,33.0,,,,,,,,,
18,4,1,5.0,286.0,136639.92321116928,0.0,0.0,0.5375218150087261,0.013961605584642234,18.17102966841187,2.7748691099476437,8.490401396160559
19,4,2,1.5,373.0,440769.4511378849,3.13520749665328,0.002677376171352075,5.978580990629183,0.321285140562249,156.88888888888889,7.726907630522088,11.552878179384205
20,4,3,5.0,266.5,3089486.9868913856,6.02621722846442,0.0,7.3146067415730345,0.5393258426966292,214.95880149812731,12.535580524344569,19.0374531835206
21,4,4,7.0,230.5,101666.79653679654,2.668831168831169,0.017316017316017316,3.645021645021645,0.060606060606060615,109.51948051948051,7.774891774891776,6.354978354978355
22,4,5,1.5,279.0,193358.37924865828,2.524150268336315,0.007155635062611806,6.289803220035777,0.2647584973166369,190.63148479427548,6.701252236135957,9.724508050089446
23,4,6,10.0,439.5,204248.3659090909,0.8886363636363637,0.002272727272727273,8.406818181818181,0.054545454545454536,409.71818181818185,2.145454545454545,11.854545454545455
24,5,1,5.0,282.5,89011.12014134275,1.0901060070671378,0.0,4.7084805653710236,0.08833922261484099,463.2826855123675,2.3197879858657244,8.795053003533571
25,5,2,3.5,302.5,665496.7112211221,2.5445544554455446,0.0,7.6617161716171625,0.21782178217821785,559.6617161716172,9.059405940594061,13.095709570957096
26,5,3,10.0,169.5,2329169.220588235,6.094117647058822,0.0,8.670588235294117,0.5647058823529412,861.3647058823531,22.020588235294124,25.488235294117647
27,5,4,5.0,158.5,488402.6823899371,1.5377358490566038,0.0,4.962264150943397,0.31446540880503143,406.5849056603773,7.676100628930818,10.80503144654088
28,5,5,12.0,168.0,304470.64094955486,3.3798219584569735,0.0,6.053412462908013,0.5222551928783383,612.9792284866469,8.109792284866469,15.246290801186946
29,5,6,3.0,391.0,236555.9463601533,1.2758620689655171,0.0,6.9067688378033205,0.194125159642401,594.7650063856961,1.9897828863346103,11.978288633461046
30,6,1,5.0,,,,,,,,,
31,6,2,5.0,273.5,730828.5437956204,3.554744525547445,0.0,8.277372262773723,0.6532846715328468,461.26459854014604,7.62043795620438,15.374087591240876
32,6,3,8.0,211.5,3426077.7146226414,10.5,0.0,9.226415094339623,0.7405660377358491,569.0778301886793,9.849056603773585,22.514150943396224
33,6,4,22.0,320.5,184601.49221183802,2.805295950155763,0.0,3.8037383177570088,0.02803738317757009,258.4517133956386,4.06386292834891,7.116822429906543
34,6,5,14.0,307.0,227340.34146341466,6.183739837398374,0.0,5.341463414634147,0.2959349593495935,422.6845528455285,4.557723577235771,10.708943089430894
35,6,6,28.0,353.0,274751.9773691655,3.446958981612447,0.0,7.165487977369166,0.07920792079207921,502.92503536067886,4.544554455445544,12.760961810466759
36,7,1,10.0,161.5,586862.7469135802,0.0,0.05555555555555555,7.654320987654321,0.19753086419753085,360.9537037037037,5.799382716049383,16.521604938271604
37,7,2,5.0,235.0,36898.36942675159,5.150743099787687,0.0,6.5180467091295125,0.39065817409766457,490.76008492569,8.721868365180468,17.934182590233547
38,7,3,16.0,128.0,4275000.645914397,2.8326848249027234,0.0,14.964980544747084,1.517509727626459,620.964980544747,20.276264591439688,36.92996108949416
39,7,4,34.0,122.0,7537773.983673469,1.3959183673469389,0.0,4.910204081632654,0.15510204081632653,275.5183673469388,13.346938775510207,20.220408163265308
40,7,5,6.5,105.5,600801.1179245283,5.132075471698113,0.009433962264150943,5.839622641509434,0.4056603773584906,436.0518867924529,16.485849056603772,17.68867924528302
41,7,6,59.0,255.5,885837.482421875,2.3671875,0.0,7.31640625,0.19140625,497.283203125,1.759765625,18.119140625
42,8,1,3.5,,,,,,,,,
43,8,2,0.0,167.0,1954134.0746268656,2.8477611940298506,0.0,8.698507462686567,0.9731343283582088,571.2746268656716,11.307462686567163,26.00597014925373
44,8,3,5.0,122.5,3161073.0406504064,10.30081300813008,0.0,17.146341463414632,1.7560975609756098,790.6747967479673,15.25609756097561,38.16260162601626
45,8,4,0.0,199.5,75946.6675,2.1375,0.0,5.575,0.09,263.2025,1.3875,6.655
46,8,5,0.0,126.5,3475108.4921259843,2.4291338582677167,0.0,7.362204724409449,0.5984251968503937,463.9606299212599,5.562992125984252,19.653543307086615
47,8,6,0.0,,,,,,,,,
48,9,1,5.0,252.5,32204.646245059288,1.173913043478261,0.0,4.776679841897233,0.5770750988142292,247.3083003952569,1.6719367588932803,6.363636363636362
49,9,2,1.5,,,,,,,,,
50,9,3,10.0,192.0,1953338.6337662337,8.01038961038961,0.0,11.833766233766234,1.0857142857142856,558.6961038961039,13.436363636363636,21.963636363636365
51,9,4,2.0,201.5,314451.1336633663,2.368811881188119,0.0,4.792079207920792,0.049504950495049514,225.1633663366337,4.2871287128712865,8.415841584158416
52,9,5,0.0,173.0,569789.1729106628,5.262247838616715,0.005763688760806916,6.997118155619598,0.4092219020172911,281.1585014409222,10.345821325648416,17.962536023054756
53,9,6,0.0,287.0,707447.6521739131,0.0,0.0,7.384347826086956,0.03826086956521739,217.24347826086955,1.9860869565217392,17.857391304347825
54,10,1,5.0,176.0,734475.8186968839,1.651558073654391,0.0,7.569405099150143,0.5892351274787535,465.33994334277617,2.0708215297450425,14.583569405099151
55,10,2,3.5,283.5,466443.7464788733,2.3045774647887325,0.0,7.376760563380282,0.6549295774647887,431.83802816901414,7.674295774647888,14.036971830985912
56,10,3,8.0,273.5,1114832.9361313868,0.9945255474452556,0.007299270072992701,9.147810218978103,0.7810218978102191,511.44343065693425,5.496350364963504,15.762773722627735
57,10,4,12.0,304.0,216295.7208538588,1.6288998357963875,0.0,8.99671592775041,0.1116584564860427,333.11986863711,3.9605911330049266,8.541871921182263
58,10,5,13.5,264.5,310510.25660377357,4.8943396226415095,0.0,7.728301886792452,0.3509433962264151,355.7150943396226,5.1773584905660375,10.30377358490566
59,10,6,17.0,357.5,493240.4231843575,1.8840782122905029,0.0,7.522346368715084,0.15363128491620112,388.3268156424581,2.39804469273743,12.997206703910615
60,11,1,5.0,227.5,452086.1184210526,0.7412280701754386,0.0,6.2478070175438605,0.4254385964912281,570.6425438596491,1.7828947368421053,12.734649122807017
61,11,2,1.5,284.0,770283.5483304042,2.054481546572935,0.0,5.739894551845343,0.6080843585237259,573.8383128295255,6.307557117750441,16.033391915641474
62,11,3,10.0,156.5,7045394.9522293,0.5509554140127388,0.0,1.1592356687898089,0.006369426751592357,93.46815286624205,8.5,32.61146496815286
63,11,4,15.0,179.0,143646.2896935933,1.5348189415041782,0.0,4.504178272980503,0.10027855153203342,388.4986072423399,6.142061281337048,7.685236768802228
64,11,5,11.5,191.5,120087.7734375,2.328125,0.0,5.322916666666667,0.4322916666666667,552.5234375,5.1796875,10.703125
65,11,6,17.0,392.0,319190.4356687898,0.6280254777070063,0.0,6.557961783439491,0.08917197452229299,527.8509554140128,1.5541401273885351,12.063694267515926
66,12,1,5.0,347.5,84641.22413793103,0.0,0.0,4.25,0.2614942528735632,136.65373563218392,2.181034482758621,8.186781609195403
67,12,2,2.5,284.5,1623050.607017544,0.0,0.0,4.378947368421053,0.3017543859649123,113.79122807017544,4.633333333333334,13.866666666666667
68,12,3,8.0,183.0,2229540.3896457767,0.0,0.0,7.8637602179836525,0.9754768392370572,207.32697547683927,10.910081743869211,23.62942779291553
69,12,4,17.0,180.5,753471.0276243094,0.19613259668508287,0.0,6.0607734806629825,0.04972375690607735,146.8342541436464,1.580110497237569,13.022099447513812
70,12,5,8.0,180.0,1302238.3379501386,0.0,0.0,4.903047091412742,0.2880886426592798,151.1994459833795,7.686980609418282,19.2797783933518
71,12,6,0.0,216.5,2733011.529953917,0.0,0.0,7.1981566820276495,0.0967741935483871,189.0184331797235,2.7073732718894012,23.601382488479267
72,13,1,5.0,,,,,,,,,
73,13,2,3.5,,,,,,,,,
74,13,3,10.0,,,,,,,,,
75,13,4,24.5,158.0,518704.2902208202,2.5268138801261832,0.0,6.2902208201892735,0.13249211356466878,323.5646687697161,5.488958990536277,13.615141955835965
76,13,5,7.0,210.0,1065434.351543943,3.9928741092636577,0.0,4.641330166270784,0.2992874109263658,397.0522565320665,9.007125890736342,17.679334916864608
77,13,6,40.0,290.0,724490.7108433734,2.583476764199656,0.0,7.437177280550776,0.12736660929432014,434.6557659208262,5.461273666092943,15.074010327022377
78,14,1,5.0,189.0,419191.69393139845,3.6358839050131926,0.0,6.9709762532981525,0.9393139841688656,537.7229551451187,3.005277044854881,17.094986807387862
79,14,2,5.0,211.5,1016644.1650943395,3.4316037735849063,0.0,6.34433962264151,0.03773584905660377,417.375,8.018867924528301,19.52122641509434
80,14,3,10.0,159.5,2857384.490625,18.43125,0.0,10.90625,0.00625,679.6125,9.36875,27.93125
81,14,4,13.0,173.0,260442.68876080692,2.76657060518732,0.0,4.489913544668588,0.01729106628242075,300.4005763688761,3.3371757925072045,12.873198847262248
82,14,5,13.0,117.5,1262041.6694915257,2.8305084745762716,0.0,6.072033898305085,0.3644067796610169,394.135593220339,11.169491525423727,22.012711864406782
83,14,6,18.0,314.0,549389.7583465818,1.701112877583466,0.0,6.775834658187599,0.060413354531001585,348.7503974562798,2.248012718600954,14.968203497615262
84,15,1,5.0,241.5,375224.1425619835,0.0,0.0,7.2458677685950414,0.4628099173553719,271.4152892561983,2.7169421487603307,11.289256198347108
85,15,2,3.0,178.5,1319273.125698324,0.0,0.0,7.206703910614525,0.4301675977653631,285.06703910614533,7.955307262569832,21.24860335195531
86,15,3,10.0,203.5,3533541.6348039214,7.450980392156862,0.0,10.490196078431373,0.9607843137254902,580.375,11.416666666666664,23.85294117647059
87,15,4,25.0,171.0,232959.9650145773,2.0699708454810497,0.0,4.431486880466473,0.023323615160349854,286.3731778425656,4.364431486880466,9.110787172011662
88,15,5,7.5,163.0,238032.18348623853,4.501529051987768,0.0,5.379204892966361,0.20795107033639146,342.38532110091745,6.862385321100918,10.966360856269114
89,15,6,17.0,378.5,423848.3839050132,1.4116094986807388,0.0,6.771767810026384,0.03430079155672823,400.697889182058,0.9379947229551452,12.412928759894461
90,16,1,5.0,,,,,,,,,
91,16,2,1.0,229.0,903489.0174291941,0.0,0.0,1.2766884531590414,0.013071895424836602,52.12200435729847,8.928104575163399,17.40305010893246
92,16,3,10.0,160.5,1816385.8571428568,0.0,0.0,13.155279503105591,0.17391304347826084,483.70496894409933,19.049689440993788,28.16770186335404
93,16,4,12.0,184.0,117992.49864498645,0.0,0.0,6.439024390243902,0.0054200542005420045,156.57723577235768,5.794037940379404,8.140921409214092
94,16,5,4.0,143.0,251485.0278745645,0.0,0.0,6.585365853658537,0.20905923344947736,230.55400696864112,12.05923344947735,13.874564459930316
95,16,6,35.0,301.5,509850.90231788077,0.0,0.0,7.877483443708608,0.03311258278145696,280.2119205298013,2.413907284768212,15.640728476821193
96,17,1,5.0,91.0,45977.98907103825,0.0,0.0,6.2950819672131155,0.6775956284153005,198.87431693989072,5.076502732240437,7.7650273224043715
97,17,2,3.0,182.0,2581062.375342466,0.0,0.0,0.03287671232876712,0.0,1.7397260273972603,15.652054794520547,23.572602739726022
98,17,3,10.0,171.5,6515343.156976745,0.0,0.0,6.901162790697675,0.8720930232558141,192.89244186046508,17.793604651162788,27.040697674418613
99,17,4,25.0,167.0,2524395.8,3.0865671641791046,0.0,6.3462686567164175,0.14328358208955225,349.43283582089555,8.125373134328356,16.214925373134328
100,17,5,15.0,207.5,866536.7596153845,3.7355769230769234,0.0,5.100961538461538,0.32211538461538464,362.9158653846154,11.329326923076925,16.704326923076927
101,17,6,39.0,307.0,501164.9495934959,1.2682926829268293,0.0032520325203252032,6.695934959349594,0.11382113821138212,374.6211382113821,1.9902439024390244,14.432520325203251
102,18,1,4.0,,,,,,,,,
103,18,2,5.0,197.0,926768.2962025316,0.04810126582278481,0.0,6.936708860759492,0.7037974683544304,268.36962025316456,6.5620253164556965,17.848101265822784
104,18,3,10.0,136.0,3187469.9706959706,0.0,0.0,15.16117216117216,1.4871794871794872,607.3150183150183,20.857142857142858,38.89377289377289
105,18,4,22.0,169.5,1786369.338235294,2.1029411764705883,0.0,4.855882352941176,0.27058823529411763,374.25882352941176,11.95,18.52647058823529
106,18,5,6.0,110.5,678960.3783783782,5.725225225225224,0.0,6.45945945945946,0.6846846846846847,535.0045045045047,14.13963963963964,19.887387387387392
107,18,6,15.0,344.0,424905.3686502177,0.0,0.0,7.348330914368651,0.09869375907111756,300.75036284470247,2.6545718432510887,15.155297532656025
108,19,1,5.0,94.5,887440.3473684209,0.10526315789473684,0.0,13.157894736842106,1.2210526315789474,651.9473684210526,5.363157894736842,22.163157894736838
109,19,2,3.0,318.0,825635.4379905808,0.12401883830455257,0.0,7.817896389324961,0.3924646781789639,1498.8084772370487,8.42072213500785,15.185243328100471
110,19,3,10.0,115.5,7232542.077586208,0.0,0.0,21.26293103448276,1.4310344827586208,1542.7068965517242,13.219827586206893,46.03448275862069
111,19,4,18.0,199.0,81473.24060150376,0.0,0.0,8.315789473684209,0.13533834586466165,432.96240601503763,7.035087719298246,10.243107769423561
112,19,5,5.0,156.5,578262.9363057325,0.0,0.0,9.713375796178344,0.43312101910828027,290.89490445859866,9.579617834394904,18.015923566878985
113,19,6,9.0,293.0,388426.6132879046,0.0,0.0,0.0,0.0,0.0,1.272572402044293,16.265758091993188
114,20,1,10.0,270.5,176245.66605166052,0.0,0.0,5.848708487084871,0.11439114391143912,267.30442804428037,2.059040590405904,12.263837638376383
115,20,2,7.0,249.5,522665.26200000005,1.81,0.0,5.756,0.22399999999999998,287.07,6.106,16.136
116,20,3,18.5,281.0,805024.920071048,0.008880994671403197,0.0,6.916518650088809,0.1172291296625222,253.65896980461812,9.829484902309057,16.238010657193605
117,20,4,50.0,285.0,49148.252189141866,4.012259194395797,0.0,4.770577933450086,0.30823117338003503,371.5271453590192,1.5464098073555166,7.113835376532398
118,20,5,16.0,291.5,119909.80479452055,1.5633561643835616,0.003424657534246575,8.566780821917808,0.18493150684931506,471.48972602739724,4.398972602739726,10.638698630136986
119,20,6,54.5,344.0,429452.5457184325,0.0,0.002902757619738752,7.90711175616836,0.0957910014513788,302.55442670537013,1.3570391872278664,14.872278664731493
120,22,1,5.0,210.5,279595.2701421801,0.4194312796208531,0.0,6.232227488151659,0.44075829383886256,174.0616113744076,2.744075829383886,11.9478672985782
121,22,2,1.5,221.5,1211212.792792793,1.0135135135135136,0.0,7.657657657657657,0.8648648648648649,178.4031531531531,10.30855855855856,20.914414414414413
122,22,3,8.0,,,,,,,,,
123,22,4,4.0,193.5,186465.11082474227,0.5489690721649485,0.0,5.113402061855671,0.08247422680412371,97.9278350515464,2.149484536082474,7.871134020618557
124,22,5,1.5,215.0,574480.7308584687,1.705336426914153,0.0,7.4106728538283075,0.3805104408352668,136.4385150812065,8.013921113689095,15.081206496519721
125,22,6,20.0,,,,,,,,,
126,24,1,10.0,,,,,,,,,
127,24,2,4.0,240.5,1052765.070539419,0.01867219917012448,0.0,5.04356846473029,0.3609958506224066,265.2240663900415,15.973029045643154,18.780082987551868
128,24,3,20.0,175.0,3573008.7293447293,5.407407407407407,0.022792022792022797,9.903133903133902,0.9116809116809116,614.002849002849,12.5014245014245,31.49572649572649
129,24,4,31.0,186.0,202084.67560321715,1.8445040214477209,0.0,4.0428954423592485,0.16085790884718498,316.5630026809652,2.364611260053619,8.90616621983914
130,24,5,18.0,185.5,877585.3709677418,2.728494623655914,0.0,5.330645161290323,0.4408602150537633,517.0430107526881,7.658602150537634,17.586021505376348
131,24,6,20.0,260.5,634234.4980842911,1.7873563218390804,0.0038314176245210726,7.639846743295019,0.2260536398467433,554.7911877394637,4.139846743295019,17.028735632183906
132,25,1,5.0,,,,,,,,,
133,25,2,2.0,,,,,,,,,
134,25,3,10.0,259.0,776447.9903660886,7.028901734104045,0.0,8.608863198458574,1.0057803468208093,500.0924855491329,8.360308285163777,20.82273603082852
135,25,4,20.0,209.5,1418758.7285714287,2.519047619047619,0.0,4.223809523809524,0.2333333333333333,232.2404761904762,4.7785714285714285,12.254761904761903
136,25,5,13.5,,,,,,,,,
137,25,6,7.0,413.5,321217.791062802,1.6594202898550725,0.0,7.380434782608695,0.2463768115942029,364.64130434782606,1.3756038647342994,13.528985507246375
138,27,1,5.0,,,,,,,,,
139,27,2,3.0,157.5,1984829.3797468357,18.734177215189874,0.0,10.183544303797467,0.0,480.2278481012658,11.64240506329114,37.335443037974684
140,27,3,8.0,113.0,4361912.651982379,29.47577092511013,0.0,18.308370044052865,0.01762114537444934,687.1982378854625,31.92511013215859,41.56828193832599
141,27,4,24.0,89.5,617210.7333333333,14.361111111111109,0.0,4.677777777777779,0.12222222222222222,257.22777777777776,3.7722222222222217,16.227777777777778
142,27,5,0.0,182.0,420802.6739726028,12.967123287671232,0.0,6.18082191780822,0.07671232876712329,272.73150684931505,7.257534246575342,14.528767123287674
143,27,6,34.5,225.0,1262319.889135255,3.135254988913525,0.0,8.494456762749445,0.026607538802660757,422.97560975609764,2.363636363636364,20.541019955654107
144,28,1,5.0,175.5,166175.02272727276,0.0,0.0,4.778409090909091,0.2784090909090909,217.9886363636364,0.2840909090909091,8.142045454545455
145,28,2,3.0,213.0,1321705.9391100702,0.0,0.0,7.405152224824357,0.6557377049180327,215.68852459016392,10.009367681498828,21.22248243559719
146,28,3,7.0,174.0,3861237.2979942695,0.0,0.0,9.18624641833811,0.9111747851002864,470.8395415472779,18.974212034383953,29.618911174785104
147,28,4,23.5,195.5,860177.0459183673,2.104591836734694,0.0,4.191326530612245,0.08673469387755102,276.5612244897959,10.125,15.627551020408163
148,28,5,9.0,148.0,-1433881968180.1548,4.407407407407407,0.0,4.619528619528619,0.3569023569023569,336.30639730639734,8.68013468013468,15.791245791245789
149,28,6,32.0,408.0,232507.0905752754,1.7637698898408811,0.0,5.9388004895960815,0.08567931456548347,393.35495716034274,1.7209302325581397,12.826193390452875
150,29,1,5.0,,,,,,,,,
151,29,2,2.0,306.0,438199.42414355633,3.954323001631321,0.0,7.637846655791191,0.6688417618270799,506.92659053833603,3.827079934747146,12.606851549755303
152,29,3,10.0,169.5,2575236.552941177,10.297058823529412,0.0,13.755882352941176,1.2470588235294118,791.0647058823531,11.21470588235294,29.314705882352943
153,29,4,25.0,309.5,18392.058064516128,2.817741935483871,0.0,5.508064516129032,0.24516129032258066,345.40806451612906,2.5983870967741933,6.29516129032258
154,29,5,15.0,227.0,93758.35164835164,4.808791208791209,0.0043956043956043965,5.859340659340659,0.3604395604395605,468.32307692307694,5.898901098901099,10.410989010989011
155,29,6,40.0,421.5,96202.43720379149,2.546208530805687,0.0,7.291469194312795,0.08530805687203792,549.5047393364929,2.0414691943127963,10.40521327014218
156,30,1,5.0,298.5,161144.75752508358,2.6471571906354514,0.023411371237458192,5.478260869565218,0.3043478260869565,391.39464882943145,2.3662207357859533,10.444816053511706
157,30,2,6.0,175.5,2018583.3579545454,0.0,0.0,7.5056818181818175,0.23863636363636365,322.39204545454544,10.928977272727273,23.54829545454545
158,30,3,10.0,200.0,3470367.0274314214,0.0,0.0,10.344139650872815,0.10972568578553617,417.9251870324189,11.179551122194514,26.194513715710727
159,30,4,25.0,196.5,621663.8375634517,0.0,0.0,5.284263959390863,0.3248730964467005,205.010152284264,14.692893401015226,14.50507614213198
160,30,5,7.5,247.5,151538.9556451613,0.0,0.0,7.100806451612903,0.13709677419354838,245.44758064516128,6.53024193548387,12.046370967741936
161,30,6,9.0,314.5,724592.7682539681,0.0,0.0,7.917460317460318,0.13968253968253969,310.93174603174606,2.4761904761904763,15.933333333333335
162,32,1,5.0,299.0,122883.32721202006,0.2938230383973289,0.0,5.706176961602671,0.4240400667779633,312.36560934891486,1.9883138564273792,8.774624373956595
163,32,2,3.5,329.5,574493.1772727271,0.34393939393939393,0.0,6.372727272727272,0.6,278.19242424242424,10.85,11.895454545454545
164,32,3,10.0,195.0,3398346.9028132986,14.107416879795394,0.0,9.928388746803071,1.1253196930946292,560.7774936061381,8.736572890025576,22.097186700767264
165,32,4,25.0,207.5,310413.3173076923,1.1586538461538465,0.0,7.721153846153847,0.6826923076923077,328.0264423076923,6.603365384615384,12.728365384615385
166,32,5,15.0,234.5,788297.7085106383,4.376595744680851,0.0,7.419148936170213,0.274468085106383,315.27021276595747,13.997872340425534,13.336170212765955
167,32,6,17.0,542.5,110585.06537753224,2.4889502762430937,0.0,6.952117863720074,0.08287292817679558,308.24125230202577,2.6795580110497244,8.014732965009209
168,33,1,5.0,,,,,,,,,
169,33,2,3.5,,,,,,,,,
170,33,3,6.0,,,,,,,,,
171,33,4,6.0,144.0,558050.3252595154,0.0,0.0,6.242214532871972,0.2422145328719723,289.878892733564,6.505190311418684,15.937716262975776
172,33,5,10.0,,,,,,,,,
173,33,6,0.0,,,,,,,,,
174,34,1,5.0,126.0,380550.8774703557,1.5217391304347827,0.0,7.861660079051384,0.6640316205533597,544.6403162055336,2.6877470355731226,14.6798418972332
175,34,2,2.5,164.5,1983360.1151515152,1.809090909090909,0.0,8.557575757575757,1.303030303030303,456.3939393939394,7.2787878787878775,24.796969696969693
176,34,3,6.5,141.5,3857801.693661972,7.880281690140845,0.0,15.552816901408448,1.3943661971830985,719.1091549295775,11.246478873239436,34.024647887323944
177,34,4,4.0,246.0,395712.5070993915,1.7809330628803246,0.0,4.951318458417849,0.05679513184584178,271.39756592292093,1.8377281947261663,9.178498985801216
178,34,5,0.0,147.0,2652007.0983050847,1.688135593220339,0.0,6.32542372881356,0.4203389830508473,419.2881355932203,5.691525423728813,17.759322033898304
179,34,6,0.0,170.5,909618.581871345,0.6081871345029239,0.0,8.56140350877193,0.38011695906432746,471.8099415204678,1.8304093567251465,15.909356725146198
180,36,1,5.0,159.5,446955.653125,1.5,0.0,7.95,0.35,399.60625,3.634375,14.084375
181,36,2,1.0,183.5,2078036.6086956519,2.472826086956522,0.08695652173913042,7.138586956521738,0.6793478260869565,425.5923913043478,8.21195652173913,23.125
182,36,3,7.0,146.5,8272302.282312925,8.0,0.0,11.680272108843534,1.0612244897959184,767.3265306122448,16.22108843537415,36.48979591836735
183,36,4,22.0,173.0,1244364.576368876,2.9567723342939485,0.0,6.10086455331412,0.011527377521613832,325.80979827089334,14.573487031700287,16.939481268011527
184,36,5,15.0,118.5,1169141.8151260505,2.0084033613445382,0.0,5.903361344537816,0.3949579831932773,545.3277310924369,15.781512605042016,21.882352941176467
185,36,6,29.0,321.5,787314.4829192547,0.0,0.0,7.324534161490682,0.052795031055900624,232.1552795031056,2.3850931677018634,16.392857142857142
186,37,1,10.0,156.0,293809.29712460056,1.6932907348242812,0.0,9.757188498402556,0.6261980830670927,782.9456869009584,4.584664536741214,14.926517571884984
187,37,2,4.5,,,,,,,,,
188,37,3,8.5,,,,,,,,,
189,37,4,26.0,168.5,833267.3550295858,2.1863905325443787,0.0,4.520710059171598,0.20710059171597636,472.8905325443787,10.937869822485206,13.153846153846152
190,37,5,0.0,265.0,329220.1487758945,2.785310734463277,0.0,4.585687382297552,0.3728813559322034,442.30696798493415,7.881355932203389,11.915254237288135
191,37,6,0.0,400.5,94949.70698254363,0.6433915211970075,0.0,7.728179551122196,0.10224438902743142,575.0137157107233,1.9426433915211967,9.733167082294264
192,38,1,5.0,139.5,714912.35,0.0,0.0,7.921428571428572,0.057142857142857134,307.26428571428573,12.535714285714285,21.275
193,38,2,2.5,105.0,5939440.137440759,6.488151658767773,0.0,9.222748815165877,0.7109004739336493,616.8199052132701,18.81042654028436,41.77725118483412
194,38,3,10.0,75.0,25559684.33112583,9.218543046357617,0.0,12.768211920529803,1.9205298013245036,693.1456953642385,49.11920529801324,75.2251655629139
195,38,4,19.0,106.0,1211103.8356807514,4.948356807511737,0.0,5.173708920187793,0.14084507042253522,427.52112676056333,4.525821596244131,16.417840375586856
196,38,5,5.0,134.0,369775.11152416357,0.18587360594795535,0.0,0.4721189591078067,0.044609665427509285,53.46468401486989,6.717472118959107,18.843866171003718
197,38,6,0.0,194.0,1510702.089974293,1.8920308483290489,0.0,9.917737789203084,0.13881748071979436,572.3213367609254,3.0128534704370185,22.308483290488432
198,39,1,10.0,222.5,330918.81165919284,1.8991031390134532,0.11659192825112108,6.894618834080718,0.8295964125560538,343.1883408071749,4.105381165919282,12.852017937219731
199,39,2,3.0,242.0,1546215.0577319588,1.9134020618556704,0.049484536082474224,6.094845360824742,0.4536082474226804,291.2577319587629,10.931958762886598,18.175257731958762
200,39,3,5.0,197.5,681235.255050505,9.803030303030305,0.02525252525252525,12.676767676767676,0.9393939393939394,611.219696969697,17.366161616161616,22.25
201,39,4,32.0,274.5,212483.20545454547,1.529090909090909,0.03636363636363636,4.738181818181818,0.20363636363636364,208.05636363636364,3.647272727272728,8.412727272727272
202,39,5,12.5,264.0,325336.90359168244,1.7504725897920606,0.07183364839319471,7.591682419659735,0.3516068052930057,308.0756143667297,7.230623818525519,12.429111531190927
203,39,6,62.0,345.0,536458.3487698986,1.8364688856729376,0.08972503617945007,7.878437047756875,0.11287988422575974,429.7366136034733,2.21273516642547,13.697539797395079
204,41,1,5.0,,,,,,,,,
205,41,2,5.0,232.5,520789.01716738206,4.336909871244635,0.004291845493562232,10.008583690987123,0.8540772532188842,721.9914163090127,10.27038626609442,16.13519313304721
206,41,3,10.0,146.5,5110318.867346939,4.08843537414966,0.0,15.013605442176873,1.380952380952381,606.5068027210884,19.704081632653057,31.510204081632647
207,41,4,23.0,191.5,211187.93229166663,1.7916666666666667,0.0,9.630208333333334,0.22916666666666666,302.8541666666667,10.083333333333334,12.674479166666664
208,41,5,15.0,139.5,286679.95714285714,2.8178571428571435,0.0,7.457142857142857,0.3642857142857143,288.6642857142857,11.29642857142857,14.367857142857142
209,41,6,40.0,474.0,244007.1559536354,1.2708113804004215,0.0,7.620653319283456,0.0737618545837724,288.1749209694416,3.3814541622760803,11.510010537407796
210,42,1,5.0,261.5,201929.22709923665,3.3912213740458017,0.0,5.927480916030534,0.5267175572519084,235.48854961832058,3.482824427480916,11.23473282442748
211,42,2,1.5,213.5,1845290.0257009345,5.098130841121495,0.0,7.074766355140188,0.616822429906542,233.00467289719623,5.168224299065421,21.939252336448604
212,42,3,8.0,116.0,9464506.630901288,22.261802575107296,0.0,11.081545064377682,1.3819742489270386,301.42918454935625,17.459227467811154,43.07725321888412
213,42,4,6.0,294.0,812242.8709677418,2.5534804753820035,0.0,5.568760611205434,0.10526315789473684,191.6332767402377,4.611205432937181,13.168081494057725
214,42,5,2.0,167.5,1085011.3244047621,5.883928571428571,0.0,8.821428571428571,0.3630952380952381,233.38690476190484,9.017857142857142,23.61309523809524
215,42,6,0.0,326.5,1126625.6758409785,4.0305810397553525,0.0,8.00611620795107,0.25382262996941896,302.0290519877676,0.8899082568807339,17.333333333333332
216,44,1,10.0,207.5,178028.40384615387,2.8173076923076925,0.0,6.430288461538463,0.02884615384615385,703.8822115384614,3.5817307692307687,9.14423076923077
217,44,2,8.0,323.5,370786.2808641975,3.6805555555555554,0.0,9.29320987654321,0.018518518518518517,1064.6882716049383,11.421296296296294,13.314814814814815
218,44,3,20.0,244.5,1505264.6367346938,12.708163265306125,0.0,9.471428571428572,0.048979591836734684,1431.7530612244898,10.002040816326529,17.124489795918368
219,44,4,35.0,313.0,100295.38118022328,4.384370015948964,0.003189792663476874,7.416267942583732,0.09569377990430622,765.3859649122808,9.948963317384369,7.5215311004784695
220,44,5,23.0,251.5,232647.04166666663,4.2103174603174605,0.0,8.222222222222221,0.04365079365079365,1024.9126984126983,9.128968253968255,12.646825396825395
221,44,6,51.5,342.5,1068892.1588921284,2.446064139941691,0.0,11.932944606413994,0.046647230320699715,1484.8862973760934,4.336734693877552,14.212827988338194
222,45,1,5.0,,,,,,,,,
223,45,2,3.0,,,,,,,,,
224,45,3,10.0,42.5,58890563.58139535,0.0,0.0,46.30232558139535,0.32558139534883723,1202.3023255813953,28.267441860465123,116.32558139534883
225,45,4,18.0,120.5,1019224.2190082644,0.008264462809917356,0.0,9.743801652892564,0.033057851239669415,333.12396694214874,9.541322314049589,20.39669421487603
226,45,5,10.0,134.0,631158.7881040892,0.0,0.0,10.95539033457249,0.3940520446096654,420.55018587360587,9.08550185873606,22.50185873605948
227,45,6,0.0,,,,,,,,,
228,46,1,10.0,289.0,324039.3747841105,0.0,0.0,6.3350604490500855,0.11053540587219343,187.5181347150259,2.4179620034542317,12.625215889464593
229,46,2,2.0,201.0,1556757.8263027298,0.0,0.0,8.779156327543424,0.13399503722084366,253.95285359801488,5.940446650124071,19.821339950372213
230,46,3,6.0,,,,,,,,,
231,46,4,11.0,235.0,517770.3673036093,0.0,0.0,7.1847133757961785,0.10191082802547773,176.42462845010616,3.3566878980891715,11.515923566878982
232,46,5,0.0,,,,,,,,,
233,46,6,5.0,359.0,286002.0361613352,0.8539638386648123,0.0,8.74547983310153,0.0917941585535466,2087.897079276773,1.4075104311543811,12.564673157162723
234,47,1,5.0,251.5,123907.24007936507,0.9464285714285714,0.027777777777777776,6.003968253968254,0.2896825396825397,418.21825396825403,2.8115079365079363,10.940476190476188
235,47,2,2.5,257.0,1198263.6233009708,2.4815533980582525,0.05048543689320388,6.675728155339806,0.4504854368932039,379.2699029126214,6.902912621359223,16.114563106796115
236,47,3,8.0,168.0,5239234.899109792,10.632047477744807,0.04747774480712166,10.124629080118693,0.9317507418397626,700.7210682492581,14.830860534124627,30.783382789317514
237,47,4,9.0,247.0,206717.43434343435,1.1353535353535351,0.056565656565656576,5.268686868686869,0.4,324.60808080808084,2.4282828282828284,9.004040404040405
238,47,5,3.5,174.5,22454100.61142857,2.291428571428572,0.06857142857142857,9.802857142857142,0.5942857142857143,1066.422857142857,4.8,32.177142857142854
239,47,6,0.0,312.5,432665.81309904146,0.7875399361022364,0.003194888178913738,8.110223642172524,0.24600638977635786,521.0319488817892,2.110223642172524,14.798722044728436
240,48,1,5.0,,,,,,,,,
241,48,2,5.0,183.5,1779737.625,2.592391304347826,0.005434782608695652,6.138586956521738,0.010869565217391304,402.3967391304348,8.021739130434783,21.86413043478261
242,48,3,10.0,108.5,12534614.834862385,16.26605504587156,0.0,17.36697247706422,0.3577981651376147,795.7339449541284,18.756880733944953,44.261467889908246
243,48,4,22.0,168.5,320260.5621301775,1.2958579881656804,0.0,5.662721893491124,0.08284023668639054,315.310650887574,5.136094674556213,10.118343195266274
244,48,5,4.5,160.0,613602.0685358256,3.856697819314642,0.0,6.348909657320872,0.03115264797507788,421.0747663551401,9.610591900311524,17.753894080996886
245,48,6,25.0,280.0,2637667.8716577543,2.0267379679144386,0.0,10.360071301247773,0.1354723707664884,614.5472370766487,2.053475935828877,18.666666666666668
246,49,1,5.0,172.5,331663.73410404625,1.2052023121387283,0.0,9.771676300578038,0.5144508670520231,565.2976878612717,2.861271676300578,14.846820809248555
247,49,2,2.5,283.0,489216.9700176367,8.666666666666666,0.0,5.8430335097001755,0.564373897707231,338.61728395061726,9.264550264550264,15.003527336860671
248,49,3,5.0,322.5,355920.81733746134,5.682662538699692,0.0,6.521671826625387,0.9040247678018576,437.5433436532508,10.617647058823527,16.399380804953562
249,49,4,6.0,170.0,340502.4428152493,2.5865102639296187,0.0,5.624633431085044,0.07038123167155426,319.69794721407624,5.4310850439882685,11.129032258064516
250,49,5,6.0,260.0,133294.59117082533,2.339731285988484,0.011516314779270634,5.387715930902112,0.2303262955854127,307.2763915547025,4.4683301343570045,8.191938579654511
251,49,6,6.0,431.5,287704.5462962963,1.5277777777777777,0.0,9.03125,0.07175925925925926,405.38310185185196,3.4108796296296298,11.706018518518519
252,51,1,6.0,229.5,192262.94347826086,0.0,0.0,8.61304347826087,0.3782608695652174,305.5826086956522,2.9347826086956523,14.234782608695653
253,51,2,0.5,361.0,194018.42600276624,0.0,0.0,6.48686030428769,0.5311203319502075,193.16597510373444,5.499308437067773,11.886583679114802
254,51,3,10.0,188.5,1549002.701058201,7.857142857142858,0.031746031746031744,11.555555555555555,0.8201058201058201,835.7989417989418,5.4603174603174605,24.865079365079364
255,51,4,1.0,197.5,620391.6388888889,0.11868686868686867,0.0,8.113636363636363,0.30303030303030304,208.87878787878788,5.207070707070707,13.91919191919192
256,51,5,0.0,185.0,157824.6576819407,0.3746630727762803,0.005390835579514825,6.463611859838276,0.3935309973045822,200.89487870619945,11.959568733153636,11.956873315363882
257,51,6,0.0,281.5,430225.1773049645,0.3776595744680851,0.0,9.168439716312056,0.12056737588652483,280.25886524822687,1.8209219858156032,16.27304964539007
258,52,1,4.0,249.0,183906.0480961924,0.0,0.0,5.046092184368739,0.312625250501002,145.63927855711427,3.1743486973947896,10.084168336673349
259,52,2,2.0,257.0,730660.691262136,0.0,0.0,6.578640776699028,0.5980582524271845,150.58252427184462,10.827184466019418,16.780582524271846
260,52,3,3.0,200.0,2425739.172069825,0.0,0.0,10.259351620947633,0.8379052369077307,237.1645885286783,14.957605985037407,21.623441396508728
261,52,4,6.0,137.5,493440.0688405797,0.0,0.0,4.442028985507246,0.09420289855072464,133.7391304347826,6.692028985507246,15.38768115942029
262,52,5,3.0,136.0,51358.945054945056,2.6227106227106227,0.0,5.758241758241758,0.4615384615384616,388.31135531135527,13.329670329670328,19.695970695970693
263,52,6,18.0,369.5,293071.4662162162,0.0,0.0,0.0,0.0,0.0,2.3527027027027025,12.398648648648651
264,53,1,4.0,289.0,90692.88946459412,0.2176165803108808,0.0,1.8324697754749568,0.08635578583765112,192.03626943005185,1.6770293609671851,8.968911917098445
265,53,2,2.0,241.5,877293.1942148759,5.287190082644628,0.0,7.5041322314049586,0.987603305785124,617.297520661157,6.146694214876032,17.770661157024797
266,53,3,10.0,205.5,1787111.2257281553,16.007281553398062,0.0,10.720873786407768,0.9757281553398058,992.8179611650487,9.055825242718447,25.798543689320393
267,53,4,22.0,195.5,386125.20153061225,1.0535714285714286,0.0,7.030612244897959,0.21428571428571427,536.3698979591836,4.456632653061225,13.308673469387756
268,53,5,10.5,207.5,114117.92788461539,2.4615384615384617,0.0,5.961538461538463,0.2451923076923077,507.8389423076923,4.7644230769230775,10.288461538461537
269,53,6,22.0,321.0,688720.7076205289,0.9688958009331259,0.0,9.934681181959565,0.16485225505443235,644.6905132192846,2.2426127527216173,15.50077760497667
270,54,1,5.0,163.5,116634.91463414633,0.3353658536585366,0.0,6.530487804878049,0.6158536585365854,284.7560975609756,2.0304878048780486,12.768292682926829
271,54,2,2.5,178.0,2215469.971988796,4.518207282913165,0.0,6.280112044817928,0.6722689075630253,468.47899159663865,5.69467787114846,22.879551820728288
272,54,3,8.0,141.5,3962580.088028169,12.43661971830986,0.0,12.528169014084508,1.3098591549295775,869.4401408450705,8.48943661971831,34.16901408450704
273,54,4,17.0,142.5,2357470.8286713287,0.2797202797202797,0.0,3.748251748251748,0.15384615384615385,169.85314685314685,3.608391608391608,16.402097902097903
274,54,5,6.5,115.5,2186772.663793104,3.9655172413793114,0.0,6.806034482758621,0.5431034482758621,610.4353448275862,6.254310344827586,23.030172413793107
275,54,6,0.0,164.5,637272.3303030303,2.309090909090909,0.0,6.612121212121212,0.2303030303030303,474.95454545454544,0.6212121212121212,15.951515151515153
276,55,1,5.0,373.0,179703.45515394915,0.8728246318607764,0.0,5.196787148594377,0.0856760374832664,406.9531459170013,1.4163319946452475,8.550200803212851
277,55,2,3.5,,,,,,,,,
278,55,3,10.0,191.5,1348631.34375,1.2760416666666667,0.0,12.9453125,0.4479166666666667,568.4713541666666,8.794270833333334,26.7890625
279,55,4,11.0,212.5,894438.0774647888,3.0117370892018775,0.0,4.21830985915493,0.1267605633802817,409.2488262910798,8.368544600938968,13.692488262910798
280,55,5,0.0,128.0,1112991.6031128406,6.525291828793773,0.0,7.879377431906615,0.16342412451361868,674.4396887159533,8.906614785992216,19.56031128404669
281,55,6,7.0,,,,,,,,,
282,56,1,10.0,268.5,173145.2342007435,0.0,0.0,5.83271375464684,0.31226765799256506,245.3903345724907,1.8550185873605949,9.6635687732342
283,56,2,9.0,254.0,510425.88015717093,0.0,0.0,7.846758349705304,0.6444007858546169,299.82514734774065,6.829076620825147,14.781925343811395
284,56,3,15.0,114.5,4129858.826086957,0.0,0.0,10.321739130434784,1.3043478260869563,396.4217391304348,13.395652173913044,31.10434782608696
285,56,4,50.0,272.5,253025.92673992677,0.0,0.0,0.0,0.0,0.0,2.782051282051282,8.650183150183151
286,56,5,21.5,224.0,866220.122494432,0.0,0.0,4.743875278396437,0.23608017817371935,203.14699331848556,4.149220489977728,13.015590200445436
287,56,6,50.0,303.5,603678.9950657893,0.0,0.0,8.828947368421053,0.06907894736842106,317.68914473684214,1.8157894736842104,15.776315789473687
288,57,1,2.5,,,,,,,,,
289,57,2,1.5,,,,,,,,,
290,57,3,8.0,,,,,,,,,
291,57,4,2.0,182.0,317453.2109589041,4.5041095890410965,0.0,7.052054794520547,0.0273972602739726,461.8684931506849,2.304109589041096,12.632876712328768
292,57,5,0.0,,,,,,,,,
293,57,6,9.0,214.5,1505636.3395348839,4.6651162790697684,0.0,9.158139534883722,0.11162790697674417,617.9883720930233,2.8255813953488373,22.130232558139532
294,58,1,5.0,,,,,,,,,
295,58,2,3.0,,,,,,,,,
296,58,3,8.0,,,,,,,,,
297,58,4,16.0,198.5,1056743.015075377,0.0,0.0,5.133165829145728,0.09547738693467336,150.5854271356784,3.6407035175879403,12.138190954773867
298,58,5,8.0,,,,,,,,,
299,58,6,8.0,,,,,,,,,
300,59,1,8.0,208.0,534492.9784172662,1.4964028776978415,0.0,6.081534772182255,0.1774580335731415,240.4748201438849,3.093525179856115,11.611510791366909
301,59,2,4.0,222.0,3078674.782022472,2.5730337078651684,0.0044943820224719105,6.391011235955057,0.42696629213483145,306.32359550561796,7.604494382022472,20.339325842696628
302,59,3,14.0,178.5,3520049.413407821,6.539106145251397,0.00558659217877095,8.511173184357544,0.6703910614525139,445.87430167597773,9.44972067039106,25.796089385474858
303,59,4,16.0,158.0,457861.0757097792,1.3059936908517351,0.0,5.0220820189274455,0.2902208201892745,215.57413249211362,2.3186119873817037,12.59621451104101
304,59,5,16.5,202.0,970569.0395061728,2.0320987654320986,0.0,5.982716049382716,0.2222222222222222,249.5456790123457,3.1753086419753087,14.906172839506171
305,59,6,11.0,219.0,1103487.583143508,0.0,0.0,6.8200455580865595,0.09567198177676538,207.56947608200454,0.9886104783599088,18.44191343963553
306,60,1,5.0,,,,,,,,,
307,60,2,1.0,,,,,,,,,
308,60,3,3.0,,,,,,,,,
309,60,4,5.0,265.0,250150.2128060264,2.702448210922787,0.0,5.308851224105461,0.10922787193973636,320.2881355932203,1.5178907721280603,8.677966101694915
310,60,5,2.5,225.0,984967.3192904657,6.893569844789357,0.004434589800443459,8.35920177383592,0.3946784922394678,542.7649667405765,6.753880266075388,17.066518847006652
311,60,6,0.0,244.5,916624.7265306122,3.1142857142857143,0.0,9.79591836734694,0.2612244897959184,624.6938775510204,1.8877551020408163,16.857142857142858
312,61,1,3.0,,,,,,,,,
313,61,2,4.0,322.5,283561.64705882355,3.7414860681114552,0.0,4.267801857585138,0.20123839009287925,242.5232198142415,4.230650154798761,11.010835913312693
314,61,3,8.0,223.0,2868093.0067114094,0.0,0.0,6.648769574944072,0.465324384787472,160.90827740492168,15.718120805369127,24.217002237136462
315,61,4,19.0,212.0,58222.743529411775,0.018823529411764704,0.0,5.24,0.19294117647058825,214.29882352941175,3.3670588235294123,6.527058823529411
316,61,5,4.5,237.5,651056.9327731093,0.060924369747899165,0.0,6.401260504201682,0.22689075630252103,309.7163865546218,9.96218487394958,15.766806722689074
317,61,6,19.0,269.0,774542.4489795918,0.016697588126159554,0.0,8.914656771799631,0.15584415584415584,442.83116883116884,2.109461966604824,16.948051948051948
318,62,1,10.0,239.0,102895.17118997913,1.0041753653444676,0.0,7.657620041753653,0.6430062630480167,442.9770354906055,2.05427974947808,11.31106471816284
319,62,2,3.0,,,,,,,,,
320,62,3,17.0,,,,,,,,,
321,62,4,15.0,140.0,303262.4697508897,0.0,0.0,4.782918149466192,0.1708185053380783,141.69750889679716,13.316725978647687,10.259786476868328
322,62,5,11.0,,,,,,,,,
323,62,6,9.0,,,,,,,,,
324,63,1,5.0,290.5,252089.06701030929,0.0,0.0,5.161512027491409,0.3917525773195876,165.48969072164948,2.2886597938144333,9.93298969072165
325,63,2,4.0,238.0,1672335.3836477988,0.0,0.0,4.813417190775682,0.2389937106918239,175.89517819706498,6.716981132075473,17.566037735849058
326,63,3,10.0,155.0,4646766.948553055,0.0,0.0,12.270096463022508,0.7202572347266881,474.3601286173633,14.40514469453376,32.559485530546624
327,63,4,13.0,300.5,1214296.8604651163,0.0,0.0,8.137873754152825,0.029900332225913626,191.82558139534885,3.59468438538206,12.159468438538205
328,63,5,15.0,166.0,503180.03303303296,0.0,0.0,7.9909909909909915,0.2762762762762763,249.72672672672672,10.44144144144144,18.474474474474476
329,63,6,22.0,302.0,480092.04132231406,0.0,0.0,6.902479338842976,0.07272727272727272,212.27107438016532,2.0793388429752064,15.469421487603304
330,64,1,3.0,,,,,,,,,
331,64,2,1.5,,,,,,,,,
332,64,3,10.0,,,,,,,,,
333,64,4,6.0,201.5,131002.08168316832,0.24257425742574254,0.0,3.9702970297029694,0.2871287128712871,240.83910891089107,3.938118811881188,9.267326732673267
334,64,5,0.0,164.0,1848049.869300912,0.0,0.0,5.276595744680852,0.3768996960486322,203.5045592705167,11.033434650455927,21.954407294832826
335,64,6,0.0,177.0,2271249.7014084505,0.0,0.0,7.515492957746479,0.3211267605633803,316.50985915492964,2.3492957746478877,25.380281690140844
336,66,1,5.0,208.5,112683.52631578947,3.4976076555023923,0.0,6.511961722488039,0.28708133971291866,355.7153110047847,2.279904306220096,8.318181818181818
337,66,2,5.0,440.0,1780835.9001135074,7.507377979568673,0.0,6.5754824063564135,0.6515323496027242,387.0488081725312,6.173666288308739,16.72644721906924
338,66,3,10.0,126.5,4096152.196850394,12.074803149606302,0.0,8.444881889763781,0.6456692913385826,508.51574803149606,11.653543307086615,29.50393700787401
339,66,4,25.0,88.5,387958.10674157296,0.0,0.0,4.157303370786518,0.02247191011235955,197.3483146067416,9.707865168539326,9.039325842696627
340,66,5,13.0,248.5,336471.2871485944,2.8714859437751006,0.0,3.216867469879518,0.11244979919678716,97.02409638554217,6.279116465863455,11.162650602409636
341,66,6,28.0,398.5,195208.84085213032,1.7907268170426065,0.0,6.8007518796992485,0.13784461152882205,517.516290726817,42.57268170426065,13.16791979949875
342,67,1,10.0,128.0,513380.8871595331,1.7782101167315174,0.0,10.809338521400779,1.2140077821011672,446.88326848249034,2.326848249027237,16.470817120622563
343,67,2,3.5,344.0,611353.3178519594,6.056603773584905,0.22931785195936136,6.5573294629898395,0.5573294629898403,610.8374455732946,5.634252539912918,12.985486211901307
344,67,3,20.0,188.5,1511278.0925925926,10.687830687830688,0.06349206349206349,12.923280423280426,0.9206349206349206,966.3624338624338,10.785714285714288,21.595238095238095
345,67,4,49.5,171.0,262853.43731778424,2.311953352769679,0.01749271137026239,8.43731778425656,0.15160349854227406,584.1107871720117,5.142857142857143,10.317784256559769
346,67,5,25.0,342.5,158008.23032069972,4.924198250728863,0.17201166180758018,6.186588921282799,0.3819241982507289,457.33819241982513,4.151603498542274,9.020408163265307
347,67,6,64.5,322.0,372299.74573643407,4.106976744186047,0.26356589147286824,6.629457364341087,0.15813953488372093,623.4806201550388,2.737984496124031,11.269767441860466
348,68,1,9.0,177.0,243617.18309859157,1.8450704225352117,0.0,7.092957746478874,0.6197183098591549,676.1211267605634,2.5887323943661973,15.15211267605634
349,68,2,9.0,,,,,,,,,
350,68,3,19.5,247.0,510049.37171717174,3.503030303030303,0.0,6.2787878787878775,0.8,639.3898989898989,6.565656565656567,16.602020202020203
351,68,4,45.0,181.5,1449541.9065934066,0.0,0.0,4.730769230769232,0.12637362637362634,190.85164835164838,8.741758241758241,16.23076923076923
352,68,5,30.0,144.0,903520.6712802768,0.0,0.0,5.155709342560553,0.5190311418685121,201.62975778546712,17.34948096885813,16.588235294117652
353,68,6,41.0,272.0,977414.0844036696,0.0,0.0,6.4110091743119275,0.1577981651376147,271.93211009174314,3.3211009174311927,18.81834862385321
354,69,1,4.5,,,,,,,,,
355,69,2,2.0,,,,,,,,,
356,69,3,8.0,110.5,4640462.558558558,0.0,0.0,10.49099099099099,0.09009009009009007,370.7162162162162,9.423423423423424,35.986486486486484
357,69,4,4.0,168.5,1218461.1360946745,1.4053254437869822,0.0,4.724852071005917,0.1242603550295858,145.9201183431953,2.6775147928994083,14.22485207100592
358,69,5,0.0,130.0,1936869.662835249,2.2068965517241383,0.0,8.045977011494253,0.2835249042145594,274.57471264367814,10.199233716475096,30.490421455938698
359,69,6,5.0,192.0,1135902.8233766234,1.3532467532467531,0.0,7.319480519480519,0.08311688311688313,269.6831168831169,1.2441558441558442,21.587012987012987
360,70,1,5.0,211.0,709353.6997635934,0.03309692671394799,0.0,0.061465721040189124,0.0,7.127659574468084,2.8297872340425534,10.25531914893617
361,70,2,4.0,251.5,1370104.5436507936,0.0,0.003968253968253968,0.007936507936507936,0.0,0.43253968253968256,9.355158730158731,17.261904761904766
362,70,3,10.0,195.5,1809130.323979592,7.1147959183673475,0.0663265306122449,9.323979591836734,0.979591836734694,480.6173469387755,14.668367346938775,22.397959183673468
363,70,4,23.5,254.0,199488.65618860512,1.986247544204322,0.023575638506876228,6.927308447937134,0.047151277013752456,288.8231827111985,0.4950884086444008,9.172888015717092
364,70,5,1.0,147.0,506033.4677966101,4.223728813559322,0.0,6.630508474576272,0.36610169491525424,329.7322033898305,6.871186440677966,13.728813559322035
365,70,6,17.0,418.5,404622.3735083532,0.0,0.0,0.0,0.0,0.0,2.583532219570406,12.797136038186158
366,71,1,5.0,150.0,39326.79734219269,0.8106312292358804,0.0132890365448505,5.488372093023256,0.4053156146179402,376.16943521594686,2.9335548172757475,11.598006644518273
367,71,2,4.0,231.5,1182118.5905172413,1.575431034482759,0.0,7.913793103448277,0.5086206896551724,582.8793103448277,10.00862068965517,18.853448275862068
368,71,3,10.0,,,,,,,,,
369,71,4,25.0,150.0,196284.51827242522,1.026578073089701,0.0,5.149501661129568,0.17940199335548174,337.95348837209303,4.897009966777409,9.647840531561464
370,71,5,7.0,132.5,577468.909774436,3.278195488721805,0.0,7.067669172932332,0.3909774436090225,504.812030075188,5.507518796992482,16.026315789473685
371,71,6,39.5,,,,,,,,,
372,72,1,5.0,,,,,,,,,
373,72,2,4.0,362.0,336147.9972413793,2.875862068965517,0.0,8.082758620689653,0.6620689655172414,437.2317241379311,8.428965517241378,11.686896551724136
374,72,3,10.0,264.5,887406.4679245283,0.3981132075471697,0.0,0.9547169811320756,0.045283018867924525,41.73773584905661,7.090566037735848,14.960377358490565
375,72,4,22.0,198.5,292873.4798994975,4.193467336683417,0.0,4.809045226130653,0.05025125628140704,236.95979899497488,9.482412060301508,12.075376884422115
376,72,5,15.0,217.5,282447.9243119266,1.3738532110091743,0.0,6.536697247706423,0.29357798165137616,502.54587155963293,6.261467889908258,13.293577981651376
377,72,6,39.0,383.5,124474.87760416669,0.8854166666666666,0.0,6.817708333333332,0.09895833333333333,455.14192708333326,2.55078125,9.494791666666666
378,73,1,10.0,181.0,268650.41046831955,9.578512396694217,0.0,6.867768595041323,0.6391184573002755,326.03581267217635,4.12396694214876,14.088154269972453
379,73,2,2.5,192.0,1104644.6883116884,32.48571428571429,0.0,6.464935064935066,0.7948051948051948,356.20519480519476,11.122077922077922,23.122077922077924
380,73,3,16.0,204.5,1949042.7463414636,15.93658536585366,0.0,9.346341463414634,0.9268292682926829,907.1512195121953,11.382926829268293,21.59512195121951
381,73,4,26.0,139.5,450245.0,6.439285714285713,0.0,4.535714285714286,0.03571428571428571,216.09642857142856,10.228571428571428,16.12857142857143
382,73,5,3.0,,,,,,,,,
383,73,6,20.0,292.5,503230.0699658703,6.721843003412969,0.0,6.755972696245734,0.11945392491467575,323.1331058020478,1.2764505119453924,13.35494880546075
384,74,1,3.5,365.0,200365.17647058825,0.9001367989056087,0.0,5.225718194254446,0.3461012311901505,499.3173734610123,1.3953488372093024,10.44186046511628
385,74,2,1.5,377.0,269018.66225165565,2.4927152317880794,0.02119205298013245,6.543046357615894,0.7072847682119205,382.72052980132446,4.966887417218543,11.275496688741722
386,74,3,8.0,174.5,6113501.488571429,18.26,0.011428571428571429,11.0,0.9771428571428572,756.3685714285713,14.64,27.951428571428572
387,74,4,5.0,415.5,41990.73197115384,2.0889423076923075,0.016826923076923076,6.324519230769232,0.2956730769230769,284.75360576923083,3.0949519230769234,6.242788461538463
388,74,5,0.0,264.0,108593.36672967863,2.9829867674858224,0.0,5.485822306238187,0.332703213610586,332.37051039697536,5.020793950850662,8.848771266540643
389,74,6,0.0,428.5,156825.87412587414,3.1526806526806532,0.0675990675990676,6.734265734265734,0.11188811188811187,400.06876456876455,1.0874125874125875,10.702797202797203
390,75,1,4.0,,,,,,,,,
391,75,2,3.5,,,,,,,,,
392,75,3,10.0,146.5,3852436.0204081633,0.11904761904761905,0.0,14.911564625850339,1.3401360544217686,819.5544217687075,13.285714285714285,33.35374149659864
393,75,4,25.0,174.5,106532.89142857144,0.9742857142857144,0.0,4.5,0.045714285714285714,282.19714285714286,3.3228571428571434,7.722857142857142
394,75,5,11.0,158.0,253673.2429022082,1.6750788643533123,0.0,5.722397476340693,0.3028391167192429,321.58990536277605,7.252365930599368,11.67192429022082
395,75,6,34.0,305.0,986667.1816693944,0.8985270049099836,0.003273322422258593,7.433715220949264,0.1800327332242226,401.0196399345335,0.9263502454991815,15.659574468085106
396,76,1,5.0,209.0,311942.4200477327,1.9331742243436756,0.0,8.424821002386635,0.1575178997613365,496.5155131264917,3.505966587112172,11.976133651551313
397,76,2,3.5,217.5,608150.6743119266,0.0,0.0,8.020642201834862,0.059633027522935776,268.05963302752286,14.426605504587155,14.873853211009175
398,76,3,9.0,233.0,947766.1327623128,8.74304068522484,0.0,12.295503211991436,0.02569593147751606,852.2805139186296,12.85867237687366,18.571734475374733
399,76,4,25.0,332.5,114050.03903903904,1.545045045045045,0.0,7.753753753753754,0.05705705705705705,360.3123123123123,6.202702702702703,8.067567567567568
400,76,5,15.0,226.0,172407.30905077266,3.4966887417218544,0.0,5.739514348785873,0.030905077262693162,438.06401766004416,10.041942604856512,10.969094922737307
401,76,6,36.0,329.0,238182.82549317143,0.0,0.0,0.0030349013657056147,0.0,0.004552352048558422,1.4036418816388467,11.670713201820938
402,77,1,5.0,,,,,,,,,
403,77,2,1.5,,,,,,,,,
404,77,3,10.0,,,,,,,,,
405,77,4,19.0,170.0,1049983.568914956,2.9472140762463344,0.0,5.395894428152492,0.15835777126099707,175.69501466275656,4.390029325513196,13.821114369501464
406,77,5,9.0,,,,,,,,,
407,77,6,22.0,,,,,,,,,
408,78,1,5.0,120.5,1040995.7975206613,2.330578512396694,0.033057851239669415,6.954545454545454,0.016528925619834708,592.6157024793389,4.347107438016529,20.0
409,78,2,3.0,214.5,682838.9279069768,0.0,0.0372093023255814,6.213953488372092,0.04651162790697674,398.3069767441861,8.716279069767443,15.525581395348835
410,78,3,10.0,155.0,1977500.1382636656,0.0,0.02572347266881029,13.755627009646304,0.1929260450160772,866.6945337620577,17.778135048231512,31.964630225080384
411,78,4,19.0,190.0,507723.60104986886,0.0,0.0,6.267716535433072,0.2519685039370079,400.94225721784784,5.044619422572177,11.146981627296588
412,78,5,6.5,178.0,864067.4761904762,0.0028011204481792717,0.0056022408963585435,5.943977591036415,0.03361344537815126,444.1456582633053,11.350140056022411,14.99719887955182
413,78,6,34.5,365.5,352600.19125683064,0.4043715846994536,0.008196721311475409,7.48224043715847,0.030054644808743168,515.3155737704918,1.6530054644808745,12.528688524590164
414,79,1,5.0,231.5,250462.27801724142,1.6163793103448276,0.0,5.538793103448277,0.4353448275862069,180.25,2.6767241379310347,10.85560344827586
415,79,2,2.5,210.5,1468137.4597156397,4.28436018957346,0.0,6.4739336492891,0.5639810426540285,183.22037914691944,9.0260663507109,21.286729857819907
416,79,3,9.5,124.5,5917789.4,10.904000000000002,0.0,14.288,1.1840000000000002,429.288,20.552,39.635999999999996
417,79,4,17.0,165.5,661801.3674698796,1.5,0.0,4.150602409638553,0.22289156626506024,158.57530120481928,5.0,11.629518072289155
418,79,5,11.5,166.0,1524226.7597597598,3.042042042042042,0.0,5.621621621621622,0.3183183183183183,196.38738738738738,8.864864864864865,21.177177177177178
419,79,6,39.0,189.5,4667762.8868421065,2.4342105263157894,0.0,8.947368421052632,0.11052631578947368,277.13157894736844,2.923684210526316,26.044736842105266
420,80,1,5.0,118.0,1432791.6202531648,1.4810126582278482,0.0,8.08860759493671,0.6075949367088608,243.4556962025316,2.278481012658228,25.219409282700425
421,80,2,1.5,124.0,6339569.626506024,2.27710843373494,0.0,7.903614457831326,0.7068273092369478,232.65863453815257,2.4056224899598395,36.36144578313253
422,80,3,10.0,74.5,43119001.24666667,3.8933333333333335,0.0,12.666666666666664,2.053333333333333,407.86,3.4133333333333336,71.16666666666667
423,80,4,11.0,207.0,100709.94216867471,1.8072289156626504,0.0,5.137349397590361,0.03855421686746988,148.00722891566264,4.385542168674698,7.330120481927711
424,80,5,9.0,181.5,456526.6868131868,2.5741758241758244,0.0,5.670329670329671,0.29120879120879123,248.12912087912088,7.8186813186813175,16.884615384615387
425,80,6,15.0,339.5,796255.7044117647,0.6705882352941176,0.005882352941176471,6.932352941176472,0.08235294117647059,278.225,2.2573529411764706,16.530882352941177
426,81,1,5.0,171.0,437626.4664723032,0.03206997084548105,0.0,0.793002915451895,0.1107871720116618,224.2069970845481,3.860058309037901,12.358600583090382
427,81,2,1.0,221.5,818328.1126126127,2.3063063063063063,0.0,9.504504504504505,0.8513513513513513,2005.8153153153155,10.858108108108109,17.95945945945946
428,81,3,10.0,158.5,2321370.2987421383,6.877358490566037,0.0,15.949685534591195,1.4088050314465408,2758.830188679245,15.836477987421384,27.481132075471695
429,81,4,22.0,151.0,296420.91419141914,1.4323432343234324,0.0,9.003300330033001,0.052805280528052806,1511.2376237623762,9.676567656765675,11.184818481848183
430,81,5,9.0,197.0,125984.01518987342,2.1291139240506327,0.0,8.845569620253164,0.4202531645569621,1743.367088607595,7.384810126582278,11.141772151898737
431,81,6,40.0,280.0,1026395.4563279856,1.0873440285204992,0.0,9.472370766488414,0.0748663101604278,2194.8021390374333,3.106951871657754,15.748663101604278
432,82,1,5.0,276.5,142918.46931407938,1.55956678700361,0.0,6.115523465703971,0.5559566787003609,415.60649819494586,1.6570397111913358,9.577617328519855
433,82,2,1.5,268.0,1260420.7076350092,4.599627560521415,0.0,6.324022346368714,0.7188081936685289,447.7709497206704,5.787709497206705,16.163873370577278
434,82,3,3.0,160.0,3644877.0685358257,11.35202492211838,0.018691588785046728,13.0,1.5451713395638629,708.4267912772584,13.40809968847352,30.74766355140187
435,82,4,4.0,291.0,48678.749571183536,2.037735849056604,0.0,4.5763293310463125,0.15780445969125215,358.95883361921096,1.9039451114922812,6.687821612349914
436,82,5,0.0,261.0,139996.16252390054,3.0630975143403436,0.0,4.891013384321224,0.3403441682600382,410.9292543021032,4.342256214149139,9.65583173996176
437,82,6,0.0,392.5,420220.6743002544,1.993638676844784,0.002544529262086514,8.061068702290076,0.2977099236641221,507.20865139949115,1.9987277353689568,11.676844783715012
438,83,1,10.0,,,,,,,,,
439,83,2,4.5,268.0,679086.9068901304,3.171322160148976,0.0,6.6517690875232764,0.6480446927374302,420.7709497206704,6.70391061452514,15.003724394785849
440,83,3,10.0,167.0,2902875.6,7.08955223880597,0.0,12.364179104477612,1.1970149253731344,392.85373134328364,15.474626865671642,26.271641791044768
441,83,4,18.0,190.5,387824.01832460734,1.7617801047120418,0.0,4.790575916230368,0.23036649214659685,168.15183246073298,5.636125654450263,9.662303664921463
442,83,5,15.0,173.0,237866.5475504323,48.39481268011527,0.0,4.847262247838617,0.3919308357348703,198.89913544668588,7.345821325648415,10.6657060518732
443,83,6,30.0,393.0,333603.7407878018,10.367217280813216,0.0,7.593392630241422,0.11689961880559085,209.2515883100381,1.085133418043202,11.900889453621344
444,85,1,5.0,165.5,318940.5843373494,0.0,0.0,6.662650602409638,0.5662650602409639,247.80120481927707,5.144578313253012,12.256024096385538
445,85,2,3.5,215.5,1477365.7847222222,0.0,0.0,6.6944444444444455,0.6851851851851852,261.0671296296296,9.263888888888891,20.16435185185185
446,85,3,10.0,186.5,3748212.7967914436,18.516042780748663,0.0,10.085561497326204,0.8556149732620321,590.6764705882352,12.27807486631016,26.29679144385027
447,85,4,23.0,188.5,377510.94444444455,0.0,0.0,5.227513227513229,0.25396825396825395,173.27248677248681,5.788359788359787,9.978835978835981
448,85,5,3.5,230.5,341134.30952380947,0.0,0.0,5.8441558441558445,0.4155844155844156,215.8419913419913,5.9350649350649345,11.911255411255409
449,85,6,37.0,408.0,277004.1848225214,0.0,0.0,7.0159118727050185,0.07343941248470012,241.51162790697674,2.4810281517747863,11.429620563035495
450,86,1,5.0,181.5,179094.68681318683,0.0,0.0,8.247252747252746,0.6098901098901099,255.3021978021978,2.3763736263736264,12.06043956043956
451,86,2,5.0,297.5,455501.8372483222,0.0,0.0,6.807046979865773,0.7315436241610739,190.01342281879195,10.088926174496645,13.052013422818792
452,86,3,10.0,228.0,1392599.3304157548,15.601750547045953,0.00437636761487965,10.052516411378557,0.9321663019693656,569.2560175054705,8.172866520787746,18.83150984682713
453,86,4,25.0,151.5,999025.9638157893,0.0,0.0,9.144736842105264,0.07894736842105263,209.57565789473685,12.36184210526316,17.86842105263158
454,86,5,9.0,228.5,418018.9847161572,1.6331877729257642,0.0,6.491266375545853,0.3275109170305677,352.1812227074236,15.827510917030569,13.279475982532752
455,86,6,40.0,461.0,123007.87107258938,1.1018418201516793,0.0,8.659804983748646,0.10834236186348864,420.7854821235103,1.4019501625135429,9.543878656554714
456,87,1,10.0,144.0,371529.46712802775,0.6470588235294118,0.006920415224913495,9.072664359861589,1.0034602076124568,488.7474048442906,2.764705882352941,16.958477508650518
457,87,2,6.0,198.5,2104245.04522613,3.9195979899497484,0.0,8.231155778894472,0.9949748743718592,564.6281407035176,10.879396984924623,22.625628140703522
458,87,3,20.0,155.0,5254104.2025723485,0.0,0.0,10.141479099678456,1.2861736334405145,338.12861736334406,12.47588424437299,28.205787781350484
459,87,4,32.0,222.0,230627.48764044946,1.7842696629213484,0.0,6.233707865168539,0.07191011235955057,219.41573033707863,5.426966292134831,11.719101123595506
460,87,5,13.5,235.0,325058.0212314225,1.7770700636942676,0.0,8.479830148619957,0.3099787685774947,462.01910828025484,6.210191082802549,13.569002123142251
461,87,6,39.0,376.0,288223.4555112882,0.08366533864541832,0.0,8.630810092961488,0.2151394422310757,412.99601593625505,1.849933598937583,12.602921646746347
462,88,1,5.0,213.5,120384.77570093457,0.3037383177570093,0.0,5.677570093457943,0.5327102803738317,298.05841121495325,3.2453271028037385,11.257009345794392
463,88,2,3.0,246.0,663284.3083164301,2.509127789046653,0.0,6.43002028397566,0.5273833671399595,450.3225152129817,6.815415821501015,15.965517241379311
464,88,3,10.0,162.0,4490387.686153846,7.181538461538461,0.0,12.387692307692307,1.0769230769230769,1013.8553846153847,19.446153846153845,31.52
465,88,4,25.0,236.0,517807.8012684989,1.0422832980972516,0.0,5.2135306553911205,0.13107822410147993,412.6744186046512,8.23044397463002,13.048625792811839
466,88,5,13.0,185.5,716927.1182795699,1.0994623655913978,0.0,6.021505376344086,0.3279569892473118,223.86021505376343,6.75,16.56989247311828
467,88,6,40.0,423.5,97414.45283018867,1.2429245283018868,0.0,7.077830188679246,0.09905660377358493,497.4080188679245,1.793632075471698,10.752358490566039
468,89,1,5.0,,,,,,,,,
469,89,2,1.5,,,,,,,,,
470,89,3,8.0,60.5,13677346.114754098,3.4098360655737703,0.0,12.475409836065571,0.21311475409836064,318.0409836065574,4.60655737704918,60.098360655737714
471,89,4,2.0,289.5,1579684.2362068966,0.015517241379310345,0.0,9.656896551724136,0.3827586206896552,148.61724137931034,0.1103448275862069,15.767241379310345
472,89,5,0.0,62.5,1235793.5,0.4444444444444444,0.0,7.269841269841269,0.31746031746031744,188.88888888888889,0.5873015873015873,22.396825396825395
473,89,6,0.0,102.0,10571566.731707318,0.7658536585365854,0.0,8.234146341463415,0.17560975609756094,260.6390243902439,0.7414634146341463,47.517073170731706
474,91,1,4.0,252.5,329475.6679841897,2.073122529644269,0.015810276679841896,5.373517786561265,0.4110671936758893,353.17391304347825,2.9130434782608696,11.75296442687747
475,91,2,3.0,207.5,1384892.9639423077,5.271634615384615,0.004807692307692308,7.802884615384616,0.7019230769230769,544.9927884615385,9.79326923076923,20.927884615384613
476,91,3,10.0,230.0,2030624.7353579176,11.145336225596528,0.013015184381778741,8.299349240780911,0.8720173535791758,565.0390455531452,9.950108459869847,19.932754880694144
477,91,4,15.0,148.0,1198128.2693602694,4.441077441077441,0.0,4.498316498316497,0.08754208754208755,318.2121212121212,7.043771043771044,15.053872053872054
478,91,5,7.5,115.0,1310770.1212121209,4.376623376623376,0.0,5.584415584415583,0.4155844155844156,430.43290043290045,2.277056277056277,22.619047619047624
479,91,6,27.0,270.0,946105.5914972272,0.5212569316081331,0.0,7.4861367837338255,0.17375231053604434,548.3327171903882,3.452865064695009,18.21996303142329
480,92,1,9.5,204.5,393379.6341463415,0.0,0.0,6.439024390243902,0.14146341463414633,257.20975609756096,5.265853658536585,14.80487804878049
481,92,2,3.5,243.5,796805.7336065574,0.0,0.0,7.364754098360656,0.18442622950819676,238.05737704918036,7.6229508196721305,18.354508196721312
482,92,3,10.0,111.0,5907454.107623317,0.0,0.0,20.502242152466373,0.15246636771300448,331.2645739910314,22.282511210762333,44.69506726457399
483,92,4,27.0,108.5,2337156.674311926,0.0,0.0,6.293577981651376,0.3027522935779817,204.24311926605503,10.013761467889909,25.24770642201835
484,92,5,4.5,116.0,1855812.7725321888,2.4849785407725316,0.0,11.218884120171673,0.20600858369098712,538.68669527897,13.133047210300429,26.858369098712448
485,92,6,0.0,180.5,1889370.5055248616,0.0,0.0,9.320441988950275,0.13812154696132595,308.878453038674,4.759668508287293,26.7292817679558
486,93,1,5.0,193.0,160101.09302325582,0.4134366925064599,0.0,7.449612403100775,0.08785529715762272,432.59948320413434,3.2454780361757107,10.746770025839794
487,93,2,3.5,167.0,1263638.853731343,2.611940298507463,0.01791044776119403,9.056716417910447,0.011940298507462687,658.9850746268656,13.408955223880596,23.328358208955226
488,93,3,10.0,166.0,1980185.4174174173,3.663663663663664,0.0,11.525525525525525,0.006006006006006006,902.3153153153153,20.432432432432428,28.009009009009013
489,93,4,9.0,144.5,467744.5655172414,0.6758620689655173,0.0,5.2620689655172415,0.21379310344827587,341.0310344827586,2.827586206896552,10.151724137931037
490,93,5,1.5,184.0,500079.2113821138,0.8861788617886179,0.0,6.791327913279133,0.059620596205962065,426.5447154471545,6.951219512195122,14.135501355013552
491,93,6,37.0,323.5,1518938.5540123456,0.4429012345679013,0.0,8.462962962962964,0.02469135802469136,501.3719135802469,1.625,14.67283950617284
492,94,1,5.0,321.5,121542.14751552795,1.2282608695652173,0.003105590062111801,5.357142857142857,0.406832298136646,284.9487577639752,1.3354037267080745,8.889751552795031
493,94,2,3.0,306.5,557827.0667752443,3.2508143322475562,0.0,6.723127035830619,0.4723127035830619,301.9381107491857,5.654723127035831,13.423452768729641
494,94,3,10.0,230.5,1926153.9783549784,11.774891774891774,0.0,8.911255411255409,0.9826839826839828,414.5844155844156,7.4112554112554125,18.89610389610389
495,94,4,23.5,177.0,498359.6732394366,4.267605633802817,0.0,4.523943661971831,0.04507042253521127,222.25633802816898,2.63943661971831,12.352112676056338
496,94,5,13.0,141.5,858387.7605633803,4.753521126760563,0.0,7.654929577464789,0.4366197183098591,378.75352112676063,6.584507042253522,18.24647887323944
497,94,6,38.0,322.0,570860.758139535,2.877519379844961,0.0,7.062015503875968,0.09612403100775194,545.7054263565891,2.4558139534883723,14.89922480620155
498,95,1,5.0,,,,,,,,,
499,95,2,1.5,329.0,306556.6282245827,4.072837632776935,0.0,8.649468892261003,0.661608497723824,503.69802731411227,8.204855842185129,14.874051593323216
500,95,3,8.0,148.0,6877166.723905724,8.107744107744107,0.0,18.90909090909091,1.387205387205387,767.7575757575756,16.474747474747474,32.148148148148145
501,95,4,23.0,210.5,117358.54502369669,2.239336492890996,0.0,6.61611374407583,0.22748815165876776,349.2227488151658,3.353080568720379,9.040284360189574
502,95,5,0.0,217.5,1065034.5711009174,4.860091743119266,0.0,10.311926605504588,0.2981651376146789,408.9518348623852,2.942660550458716,18.029816513761467
503,95,6,15.0,365.0,612907.0998632011,1.7181942544459643,0.0,7.321477428180574,0.08755129958960327,295.94664842681266,2.047879616963064,14.551299589603286
504,96,1,5.0,252.5,227243.0118577075,0.4802371541501976,0.0,5.808300395256918,0.6996047430830039,545.4209486166008,1.6304347826086956,10.707509881422926
505,96,2,3.5,241.5,576932.5599173554,3.09297520661157,0.0,6.225206611570248,0.7231404958677686,397.42148760330576,4.367768595041324,15.657024793388429
506,96,3,10.0,,,,,,,,,
507,96,4,22.0,217.0,185868.2528735632,0.5655172413793104,0.0,4.036781609195402,0.30344827586206896,388.10344827586215,5.328735632183908,10.724137931034482
508,96,5,15.0,171.0,292685.3002915452,1.5276967930029155,0.0,5.661807580174928,0.4489795918367347,531.0466472303207,6.947521865889213,14.900874635568512
509,96,6,22.0,316.5,355378.8596214511,1.056782334384858,0.0,6.520504731861199,0.13880126182965302,611.7649842271294,0.7949526813880127,14.763406940063092
510,98,1,5.0,177.0,399610.214084507,19.57183098591549,0.0,5.763380281690142,0.028169014084507043,323.0056338028169,4.369014084507042,16.75211267605634
511,98,2,3.0,42.5,10446837.220930232,50.77906976744186,0.0,8.848837209302326,0.04651162790697674,383.18604651162786,15.895348837209307,45.22093023255814
512,98,3,10.0,124.5,12057037.095999999,15.24,0.008,11.224,0.048,714.424,18.324,42.79600000000001
513,98,4,23.0,153.5,756066.1396103895,1.0032467532467533,0.0,7.149350649350651,0.3311688311688312,355.30844155844164,5.798701298701298,16.76948051948052
514,98,5,7.5,171.0,245111.42857142855,2.0699708454810497,0.0,6.16326530612245,0.011661807580174929,309.95626822157436,5.373177842565597,12.559766763848396
515,98,6,18.0,283.5,568349.5422535212,1.4735915492957747,0.0,6.926056338028169,0.0035211267605633804,411.4823943661972,2.1637323943661966,16.683098591549292
516,99,1,8.5,,,,,,,,,
517,99,2,0.0,172.0,1694271.736231884,0.0,0.0,9.837681159420288,0.8405797101449275,194.1304347826087,9.162318840579712,23.66376811594203
518,99,3,13.0,184.0,3246543.972899729,12.829268292682926,0.0,11.311653116531165,1.1490514905149052,588.4552845528456,10.69918699186992,25.655826558265584
519,99,4,5.0,222.0,206254.64269662922,2.7685393258426965,0.0,5.9820224719101125,0.11235955056179776,337.2921348314606,2.878651685393258,9.258426966292133
520,99,5,0.0,196.0,563679.1908396947,3.6539440203562337,0.0,8.229007633587786,0.2493638676844784,411.5572519083969,6.1501272264631055,15.422391857506364
521,99,6,0.0,263.5,988569.3333333335,2.471590909090909,0.0,10.390151515151516,0.09848484848484848,496.03219696969705,2.085227272727273,17.939393939393938
522,100,1,5.0,406.5,69421.41646191648,1.0147420147420148,0.0,4.509828009828009,0.26044226044226043,231.3366093366093,1.8906633906633907,7.233415233415233
523,100,2,2.5,269.0,466643.5528756958,2.6938775510204085,0.0,6.560296846011132,0.5862708719851577,346.6289424860853,6.829313543599257,14.072356215213356
524,100,3,10.0,225.0,1443982.853658537,8.011086474501111,0.0,10.509977827050998,0.8470066518847007,477.2062084257206,8.252771618625276,20.08869179600887
525,100,4,20.0,,,,,,,,,
526,100,5,11.5,154.5,469802.50645161286,2.92258064516129,0.0,8.296774193548387,0.3096774193548387,379.0064516129032,8.912903225806451,16.496774193548383
527,100,6,34.0,,,,,,,,,
528,101,1,9.0,199.0,596301.0125313285,1.4987468671679198,0.0,7.275689223057643,0.5112781954887218,468.92731829573927,1.8621553884711781,14.7468671679198
529,101,2,4.5,218.5,557776.9634703196,0.0,0.0,7.114155251141553,0.7305936073059359,544.8264840182649,5.5479452054794525,19.429223744292237
530,101,3,14.5,94.5,8856937.37368421,9.689473684210526,0.0,13.789473684210524,1.2315789473684209,1068.4,17.48421052631579,55.87368421052632
531,101,4,12.0,,,,,,,,,
532,101,5,1.5,129.5,195921.55384615387,0.0,0.0,6.646153846153847,0.4307692307692308,647.8269230769231,5.096153846153847,16.326923076923073
533,101,6,9.0,,,,,,,,,
534,102,1,5.0,332.5,84782.57207207207,1.2057057057057057,0.006006006006006006,5.3258258258258255,0.07507507507507508,278.978978978979,2.250750750750751,7.4444444444444455
535,102,2,2.5,311.0,413740.79935794545,0.0,0.0,0.003210272873194221,0.0,0.08186195826645265,5.121990369181381,12.141252006420546
536,102,3,6.0,155.0,3394824.7974276533,7.276527331189711,0.006430868167202572,12.665594855305464,1.1639871382636655,520.0225080385852,17.456591639871384,27.79099678456592
537,102,4,15.0,,,,,,,,,
538,102,5,0.0,121.5,719909.0040983607,4.188524590163935,0.0,7.05327868852459,0.4918032786885246,429.6762295081968,10.557377049180328,18.91803278688525
539,102,6,3.0,321.5,459424.01863354037,1.1832298136645962,0.0,6.990683229813665,0.09627329192546584,390.7173913043478,0.8322981366459627,11.961180124223606
540,103,1,5.0,,,,,,,,,
541,103,2,2.5,239.5,1632221.7020833334,4.202083333333333,0.0,6.566666666666666,0.4708333333333333,161.72708333333333,12.33125,17.770833333333332
542,103,3,8.0,,,,,,,,,
543,103,4,3.0,,,,,,,,,
544,103,5,0.0,255.5,391977.453125,1.07421875,0.0,7.3515625,0.2109375,182.310546875,3.755859375,13.255859375
545,103,6,0.0,,,,,,,,,
546,104,1,5.0,152.5,326852.5653594771,0.0,0.0,6.529411764705883,0.457516339869281,157.11111111111111,9.42156862745098,16.72875816993464
547,104,2,2.5,204.5,1451184.5048780488,2.11219512195122,0.0,7.775609756097561,0.14634146341463414,427.780487804878,10.139024390243902,18.25121951219512
548,104,3,10.0,,,,,,,,,
549,104,4,24.0,,,,,,,,,
550,104,5,13.0,172.5,180936.83815028906,3.979768786127168,0.0,7.0635838150289025,0.18497109826589594,373.21965317919074,8.127167630057802,12.263005780346823
551,104,6,37.5,440.0,119157.9216799092,1.6753688989784337,0.0,5.6958002270147565,0.10669693530079456,390.14415437003413,1.6367763904653805,10.103291713961408
552,106,1,10.0,,,,,,,,,
553,106,2,4.0,,,,,,,,,
554,106,3,20.0,195.0,3262254.611253197,6.130434782608695,0.020460358056265983,11.524296675191815,0.9411764705882352,2456.289002557545,11.915601023017905,20.687979539641944
555,106,4,21.5,,,,,,,,,
556,106,5,4.0,,,,,,,,,
557,106,6,57.0,,,,,,,,,
