student_id,session,Unnamed: 0,idle_time,mouse_wheel,mouse_wheel_click,left_click,right_click,mouse_movement,keystroke,time_delta
1,1,294.5,167194.00169491526,0.7627118644067796,0.0,7.315254237288135,0.49830508474576274,550.6576271186441,2.006779661016949,11.140677966101695
1,2,250.0,522324.6506986028,2.9560878243512976,0.0,8.512974051896208,0.626746506986028,608.3692614770459,6.578842315369261,17.169660678642714
1,3,,,,,,,,,
1,4,260.0,368624.95969289826,2.0940499040307103,0.0,4.809980806142034,0.0345489443378119,341.43570057581576,5.470249520153551,9.973128598848369
1,5,201.0,838760.6401985112,3.1910669975186106,0.0,7.163771712158809,0.3523573200992556,515.3895781637717,9.416873449131513,17.047146401985113
1,6,402.5,181802.97146401985,1.8746898263027296,0.0,7.816377171215881,0.11910669975186104,584.9925558312655,2.227047146401985,13.188585607940446
2,1,112.0,816839.9155555556,0.0,0.0,0.008888888888888889,0.0,0.2,5.226666666666667,19.822222222222223
2,2,173.0,1488124.7492795389,0.0,0.0,11.348703170028818,0.2824207492795389,212.9971181556196,14.844380403458214,25.135446685878964
2,3,129.5,2412846.073076923,5.303846153846154,0.0,21.76923076923077,1.176923076923077,1021.8346153846154,19.034615384615385,37.792307692307695
2,4,173.0,306786.3227665706,2.403458213256484,0.0,6.126801152737752,0.25360230547550433,295.93948126801155,6.495677233429395,12.32564841498559
2,5,149.5,393104.58666666667,5.256666666666667,0.0,8.073333333333334,0.5533333333333333,439.2966666666667,10.64,17.54
2,6,183.0,760093.416893733,2.4032697547683926,0.0,8.457765667574932,0.28337874659400547,488.22888283378745,4.212534059945504,16.42506811989101
3,1,,,,,,,,,
3,2,284.5,1076507.605263158,0.0,0.0,5.054385964912281,0.2912280701754386,163.48070175438596,7.5964912280701755,14.6
3,3,269.5,1565521.7851851853,0.0,0.0,7.4148148148148145,0.4962962962962963,309.0074074074074,9.031481481481482,17.17962962962963
3,4,300.5,153745.36212624583,1.4601328903654485,0.0,5.282392026578073,0.3654485049833887,437.74750830564784,3.338870431893688,8.772425249169435
3,5,274.0,221496.37887067394,2.601092896174863,0.0,5.741347905282331,0.1894353369763206,360.2021857923497,8.657559198542804,10.09471766848816
3,6,,,,,,,,,
4,1,286.0,136639.92321116928,0.0,0.0,0.537521815008726,0.013961605584642234,18.17102966841187,2.774869109947644,8.490401396160559
4,2,373.0,440769.45113788487,3.1352074966532797,0.002677376171352075,5.978580990629183,0.321285140562249,156.88888888888889,7.7269076305220885,11.552878179384203
4,3,266.5,3089486.9868913856,6.02621722846442,0.0,7.314606741573034,0.5393258426966292,214.95880149812734,12.535580524344569,19.0374531835206
4,4,230.5,101666.79653679654,2.668831168831169,0.017316017316017316,3.645021645021645,0.06060606060606061,109.51948051948052,7.774891774891775,6.354978354978355
4,5,279.0,193358.3792486583,2.524150268336315,0.007155635062611807,6.289803220035778,0.26475849731663686,190.63148479427548,6.701252236135957,9.724508050089446
4,6,439.5,204248.3659090909,0.8886363636363637,0.0022727272727272726,8.406818181818181,0.05454545454545454,409.7181818181818,2.1454545454545455,11.854545454545455
5,1,282.5,89011.12014134276,1.0901060070671378,0.0,4.708480565371024,0.08833922261484099,463.2826855123675,2.3197879858657244,8.79505300353357
5,2,302.5,665496.7112211221,2.5445544554455446,0.0,7.661716171617162,0.21782178217821782,559.6617161716172,9.05940594059406,13.095709570957096
5,3,169.5,2329169.220588235,6.094117647058823,0.0,8.670588235294117,0.5647058823529412,861.364705882353,22.020588235294117,25.488235294117647
5,4,158.5,488402.6823899371,1.5377358490566038,0.0,4.962264150943396,0.31446540880503143,406.58490566037733,7.676100628930818,10.80503144654088
5,5,168.0,304470.6409495549,3.379821958456973,0.0,6.053412462908012,0.5222551928783383,612.9792284866469,8.109792284866469,15.246290801186944
5,6,391.0,236555.94636015326,1.2758620689655173,0.0,6.9067688378033205,0.194125159642401,594.7650063856961,1.9897828863346105,11.978288633461048
6,1,,,,,,,,,
6,2,273.5,730828.5437956204,3.5547445255474455,0.0,8.277372262773723,0.6532846715328468,461.264598540146,7.62043795620438,15.374087591240876
6,3,211.5,3426077.7146226414,10.5,0.0,9.226415094339623,0.7405660377358491,569.0778301886793,9.849056603773585,22.514150943396228
6,4,320.5,184601.49221183802,2.805295950155763,0.0,3.803738317757009,0.028037383177570093,258.45171339563865,4.06386292834891,7.116822429906542
6,5,307.0,227340.34146341463,6.183739837398374,0.0,5.341463414634147,0.2959349593495935,422.68455284552846,4.557723577235772,10.708943089430894
6,6,353.0,274751.9773691655,3.446958981612447,0.0,7.165487977369166,0.07920792079207921,502.9250353606789,4.544554455445544,12.76096181046676
7,1,161.5,586862.7469135802,0.0,0.05555555555555555,7.654320987654321,0.19753086419753085,360.9537037037037,5.799382716049383,16.521604938271604
7,2,235.0,36898.36942675159,5.150743099787686,0.0,6.518046709129512,0.39065817409766457,490.76008492569,8.721868365180468,17.934182590233547
7,3,128.0,4275000.645914397,2.832684824902724,0.0,14.964980544747082,1.517509727626459,620.964980544747,20.276264591439688,36.929961089494164
7,4,122.0,7537773.983673469,1.3959183673469389,0.0,4.910204081632653,0.15510204081632653,275.51836734693876,13.346938775510203,20.220408163265308
7,5,105.5,600801.1179245283,5.132075471698113,0.009433962264150943,5.839622641509434,0.4056603773584906,436.0518867924528,16.485849056603772,17.68867924528302
7,6,255.5,885837.482421875,2.3671875,0.0,7.31640625,0.19140625,497.283203125,1.759765625,18.119140625
8,1,,,,,,,,,
8,2,167.0,1954134.0746268656,2.8477611940298506,0.0,8.698507462686567,0.9731343283582089,571.2746268656716,11.307462686567165,26.00597014925373
8,3,122.5,3161073.0406504064,10.300813008130081,0.0,17.146341463414632,1.7560975609756098,790.6747967479674,15.25609756097561,38.16260162601626
8,4,199.5,75946.6675,2.1375,0.0,5.575,0.09,263.2025,1.3875,6.655
8,5,126.5,3475108.4921259843,2.4291338582677167,0.0,7.362204724409449,0.5984251968503937,463.96062992125985,5.562992125984252,19.653543307086615
8,6,,,,,,,,,
9,1,252.5,32204.646245059288,1.173913043478261,0.0,4.776679841897233,0.5770750988142292,247.3083003952569,1.6719367588932805,6.363636363636363
9,2,,,,,,,,,
9,3,192.0,1953338.6337662337,8.01038961038961,0.0,11.833766233766234,1.0857142857142856,558.6961038961039,13.436363636363636,21.963636363636365
9,4,201.5,314451.1336633663,2.368811881188119,0.0,4.792079207920792,0.04950495049504951,225.16336633663366,4.287128712871287,8.415841584158416
9,5,173.0,569789.1729106628,5.262247838616715,0.005763688760806916,6.997118155619597,0.4092219020172911,281.1585014409222,10.345821325648416,17.962536023054756
9,6,287.0,707447.6521739131,0.0,0.0,7.384347826086956,0.03826086956521739,217.24347826086955,1.9860869565217392,17.857391304347825
10,1,176.0,734475.8186968839,1.651558073654391,0.0,7.569405099150142,0.5892351274787535,465.3399433427762,2.0708215297450425,14.58356940509915
10,2,283.5,466443.74647887325,2.3045774647887325,0.0,7.376760563380282,0.6549295774647887,431.8380281690141,7.674295774647887,14.036971830985916
10,3,273.5,1114832.9361313868,0.9945255474452555,0.0072992700729927005,9.147810218978103,0.781021897810219,511.4434306569343,5.4963503649635035,15.762773722627736
10,4,304.0,216295.72085385877,1.6288998357963875,0.0,8.99671592775041,0.1116584564860427,333.11986863711,3.960591133004926,8.541871921182265
10,5,264.5,310510.25660377357,4.8943396226415095,0.0,7.728301886792453,0.35094339622641507,355.7150943396226,5.1773584905660375,10.30377358490566
10,6,357.5,493240.4231843575,1.8840782122905029,0.0,7.522346368715084,0.15363128491620112,388.3268156424581,2.39804469273743,12.997206703910615
11,1,227.5,452086.11842105264,0.7412280701754386,0.0,6.24780701754386,0.42543859649122806,570.6425438596491,1.7828947368421053,12.734649122807017
11,2,284.0,770283.5483304042,2.054481546572935,0.0,5.739894551845342,0.6080843585237259,573.8383128295255,6.30755711775044,16.033391915641477
11,3,156.5,7045394.9522293,0.5509554140127388,0.0,1.1592356687898089,0.006369426751592357,93.46815286624204,8.5,32.611464968152866
11,4,179.0,143646.2896935933,1.5348189415041782,0.0,4.504178272980502,0.10027855153203342,388.49860724233986,6.142061281337047,7.685236768802229
11,5,191.5,120087.7734375,2.328125,0.0,5.322916666666667,0.4322916666666667,552.5234375,5.1796875,10.703125
11,6,392.0,319190.4356687898,0.6280254777070063,0.0,6.557961783439491,0.08917197452229299,527.8509554140128,1.5541401273885351,12.063694267515924
12,1,347.5,84641.22413793103,0.0,0.0,4.25,0.2614942528735632,136.6537356321839,2.1810344827586206,8.186781609195402
12,2,284.5,1623050.6070175439,0.0,0.0,4.378947368421053,0.3017543859649123,113.79122807017544,4.633333333333334,13.866666666666667
12,3,183.0,2229540.3896457767,0.0,0.0,7.863760217983652,0.9754768392370572,207.32697547683924,10.91008174386921,23.629427792915532
12,4,180.5,753471.0276243094,0.19613259668508287,0.0,6.060773480662983,0.049723756906077346,146.8342541436464,1.580110497237569,13.022099447513812
12,5,180.0,1302238.3379501386,0.0,0.0,4.903047091412742,0.2880886426592798,151.1994459833795,7.686980609418282,19.2797783933518
12,6,216.5,2733011.529953917,0.0,0.0,7.1981566820276495,0.0967741935483871,189.0184331797235,2.707373271889401,23.601382488479263
13,1,,,,,,,,,
13,2,,,,,,,,,
13,3,,,,,,,,,
13,4,158.0,518704.29022082017,2.526813880126183,0.0,6.290220820189274,0.13249211356466878,323.5646687697161,5.488958990536277,13.615141955835963
13,5,210.0,1065434.351543943,3.992874109263658,0.0,4.641330166270784,0.2992874109263658,397.0522565320665,9.007125890736342,17.679334916864608
13,6,290.0,724490.7108433734,2.5834767641996557,0.0,7.437177280550775,0.12736660929432014,434.6557659208262,5.461273666092943,15.074010327022375
14,1,189.0,419191.6939313984,3.6358839050131926,0.0,6.970976253298153,0.9393139841688655,537.7229551451187,3.005277044854881,17.094986807387862
14,2,211.5,1016644.1650943396,3.431603773584906,0.0,6.34433962264151,0.03773584905660377,417.375,8.018867924528301,19.52122641509434
14,3,159.5,2857384.490625,18.43125,0.0,10.90625,0.00625,679.6125,9.36875,27.93125
14,4,173.0,260442.68876080692,2.76657060518732,0.0,4.489913544668588,0.01729106628242075,300.4005763688761,3.3371757925072045,12.873198847262248
14,5,117.5,1262041.6694915255,2.830508474576271,0.0,6.072033898305085,0.3644067796610169,394.135593220339,11.169491525423728,22.01271186440678
14,6,314.0,549389.7583465818,1.7011128775834659,0.0,6.775834658187599,0.06041335453100159,348.7503974562798,2.248012718600954,14.968203497615262
15,1,241.5,375224.1425619835,0.0,0.0,7.2458677685950414,0.4628099173553719,271.4152892561983,2.7169421487603307,11.289256198347108
15,2,178.5,1319273.125698324,0.0,0.0,7.206703910614525,0.4301675977653631,285.0670391061453,7.955307262569832,21.248603351955307
15,3,203.5,3533541.6348039214,7.450980392156863,0.0,10.490196078431373,0.9607843137254902,580.375,11.416666666666666,23.852941176470587
15,4,171.0,232959.96501457726,2.0699708454810497,0.0,4.431486880466473,0.023323615160349854,286.3731778425656,4.364431486880466,9.110787172011662
15,5,163.0,238032.18348623853,4.5015290519877675,0.0,5.379204892966361,0.20795107033639143,342.38532110091745,6.862385321100917,10.966360856269112
15,6,378.5,423848.3839050132,1.4116094986807388,0.0,6.771767810026385,0.03430079155672823,400.697889182058,0.9379947229551451,12.41292875989446
16,1,,,,,,,,,
16,2,229.0,903489.017429194,0.0,0.0,1.2766884531590414,0.013071895424836602,52.12200435729847,8.928104575163399,17.40305010893246
16,3,160.5,1816385.857142857,0.0,0.0,13.15527950310559,0.17391304347826086,483.7049689440994,19.049689440993788,28.167701863354036
16,4,184.0,117992.49864498645,0.0,0.0,6.439024390243903,0.005420054200542005,156.5772357723577,5.794037940379404,8.140921409214092
16,5,143.0,251485.02787456446,0.0,0.0,6.585365853658536,0.20905923344947736,230.55400696864112,12.059233449477352,13.874564459930314
16,6,301.5,509850.90231788077,0.0,0.0,7.877483443708609,0.033112582781456956,280.2119205298013,2.4139072847682117,15.640728476821192
17,1,91.0,45977.98907103825,0.0,0.0,6.295081967213115,0.6775956284153005,198.87431693989072,5.076502732240437,7.7650273224043715
17,2,182.0,2581062.375342466,0.0,0.0,0.03287671232876712,0.0,1.7397260273972603,15.652054794520549,23.572602739726026
17,3,171.5,6515343.1569767445,0.0,0.0,6.901162790697675,0.872093023255814,192.8924418604651,17.79360465116279,27.040697674418606
17,4,167.0,2524395.8,3.0865671641791046,0.0,6.3462686567164175,0.14328358208955225,349.43283582089555,8.125373134328358,16.214925373134328
17,5,207.5,866536.7596153846,3.735576923076923,0.0,5.100961538461538,0.32211538461538464,362.91586538461536,11.329326923076923,16.704326923076923
17,6,307.0,501164.9495934959,1.2682926829268293,0.0032520325203252032,6.695934959349594,0.11382113821138211,374.6211382113821,1.9902439024390244,14.432520325203251
18,1,,,,,,,,,
18,2,197.0,926768.2962025317,0.04810126582278481,0.0,6.936708860759493,0.7037974683544304,268.36962025316456,6.5620253164556965,17.848101265822784
18,3,136.0,3187469.9706959706,0.0,0.0,15.16117216117216,1.4871794871794872,607.3150183150183,20.857142857142858,38.89377289377289
18,4,169.5,1786369.3382352942,2.1029411764705883,0.0,4.855882352941176,0.27058823529411763,374.25882352941176,11.95,18.526470588235295
18,5,110.5,678960.3783783783,5.725225225225225,0.0,6.45945945945946,0.6846846846846847,535.0045045045046,14.13963963963964,19.88738738738739
18,6,344.0,424905.3686502177,0.0,0.0,7.34833091436865,0.09869375907111756,300.75036284470247,2.6545718432510887,15.155297532656023
19,1,94.5,887440.347368421,0.10526315789473684,0.0,13.157894736842104,1.2210526315789474,651.9473684210526,5.363157894736842,22.16315789473684
19,2,318.0,825635.4379905808,0.12401883830455258,0.0,7.817896389324961,0.3924646781789639,1498.8084772370487,8.42072213500785,15.185243328100471
19,3,115.5,7232542.077586207,0.0,0.0,21.262931034482758,1.4310344827586208,1542.7068965517242,13.219827586206897,46.03448275862069
19,4,199.0,81473.24060150376,0.0,0.0,8.31578947368421,0.13533834586466165,432.9624060150376,7.035087719298246,10.24310776942356
19,5,156.5,578262.9363057325,0.0,0.0,9.713375796178344,0.43312101910828027,290.8949044585987,9.579617834394904,18.015923566878982
19,6,293.0,388426.6132879046,0.0,0.0,0.0,0.0,0.0,1.272572402044293,16.265758091993185
20,1,270.5,176245.66605166052,0.0,0.0,5.8487084870848705,0.11439114391143912,267.3044280442804,2.059040590405904,12.263837638376383
20,2,249.5,522665.262,1.81,0.0,5.756,0.224,287.07,6.106,16.136
20,3,281.0,805024.920071048,0.008880994671403197,0.0,6.91651865008881,0.1172291296625222,253.65896980461812,9.829484902309058,16.238010657193605
20,4,285.0,49148.25218914186,4.012259194395797,0.0,4.770577933450087,0.30823117338003503,371.52714535901924,1.5464098073555166,7.113835376532399
20,5,291.5,119909.80479452055,1.5633561643835616,0.003424657534246575,8.566780821917808,0.18493150684931506,471.48972602739724,4.398972602739726,10.638698630136986
20,6,344.0,429452.5457184325,0.0,0.002902757619738752,7.90711175616836,0.09579100145137881,302.5544267053701,1.3570391872278664,14.872278664731494
21,1,174.5,102898.0,2.165714285714286,0.0,7.3914285714285715,0.05714285714285714,317.8542857142857,4.8742857142857146,11.042857142857143
21,2,298.5,706802.3494983277,3.3260869565217392,0.0,7.729096989966555,0.030100334448160536,510.3545150501672,6.259197324414716,15.596989966555183
21,3,,,,,,,,,
21,4,159.0,3366325.288401254,5.385579937304075,0.0,5.297805642633229,0.018808777429467086,207.2476489028213,7.9498432601880875,21.53605015673981
21,5,,,,,,,,,
21,6,,,,,,,,,
22,1,210.5,279595.2701421801,0.4194312796208531,0.0,6.232227488151659,0.44075829383886256,174.0616113744076,2.744075829383886,11.947867298578199
22,2,221.5,1211212.792792793,1.0135135135135136,0.0,7.657657657657658,0.8648648648648649,178.40315315315314,10.308558558558559,20.914414414414413
22,3,,,,,,,,,
22,4,193.5,186465.11082474227,0.5489690721649485,0.0,5.11340206185567,0.08247422680412371,97.9278350515464,2.149484536082474,7.871134020618556
22,5,215.0,574480.7308584687,1.705336426914153,0.0,7.410672853828307,0.3805104408352668,136.4385150812065,8.013921113689095,15.081206496519721
22,6,,,,,,,,,
23,1,,,,,,,,,
23,2,,,,,,,,,
23,3,115.0,4065573.116883117,0.0,0.0,7.965367965367966,1.2294372294372293,402.94805194805195,16.038961038961038,33.995670995671
23,4,135.0,888913.225092251,0.0,0.0,2.944649446494465,0.02214022140221402,164.7047970479705,10.088560885608857,13.605166051660516
23,5,190.5,422211.9293193717,0.0,0.0,4.369109947643979,0.39528795811518325,271.9502617801047,4.9188481675392675,15.18324607329843
23,6,,,,,,,,,
24,1,,,,,,,,,
24,2,240.5,1052765.070539419,0.01867219917012448,0.0,5.04356846473029,0.36099585062240663,265.2240663900415,15.973029045643154,18.780082987551868
24,3,175.0,3573008.7293447293,5.407407407407407,0.022792022792022793,9.903133903133902,0.9116809116809117,614.002849002849,12.501424501424502,31.495726495726494
24,4,186.0,202084.67560321715,1.844504021447721,0.0,4.042895442359249,0.16085790884718498,316.56300268096516,2.364611260053619,8.906166219839141
24,5,185.5,877585.3709677419,2.728494623655914,0.0,5.330645161290323,0.44086021505376344,517.0430107526881,7.658602150537634,17.586021505376344
24,6,260.5,634234.4980842912,1.7873563218390804,0.0038314176245210726,7.639846743295019,0.2260536398467433,554.7911877394636,4.139846743295019,17.028735632183906
25,1,,,,,,,,,
25,2,,,,,,,,,
25,3,259.0,776447.9903660886,7.028901734104046,0.0,8.608863198458574,1.0057803468208093,500.09248554913296,8.360308285163777,20.822736030828516
25,4,209.5,1418758.7285714287,2.519047619047619,0.0,4.223809523809524,0.23333333333333334,232.2404761904762,4.7785714285714285,12.254761904761905
25,5,,,,,,,,,
25,6,413.5,321217.79106280196,1.6594202898550725,0.0,7.380434782608695,0.2463768115942029,364.64130434782606,1.3756038647342994,13.528985507246377
26,1,,,,,,,,,
26,2,,,,,,,,,
26,3,,,,,,,,,
26,4,125.5,810661.2698412698,2.757936507936508,0.0,5.634920634920635,0.21428571428571427,102.82936507936508,0.8571428571428571,12.420634920634921
26,5,,,,,,,,,
26,6,,,,,,,,,
27,1,,,,,,,,,
27,2,157.5,1984829.3797468354,18.734177215189874,0.0,10.183544303797468,0.0,480.2278481012658,11.64240506329114,37.335443037974684
27,3,113.0,4361912.651982379,29.475770925110133,0.0,18.308370044052865,0.01762114537444934,687.1982378854625,31.92511013215859,41.56828193832599
27,4,89.5,617210.7333333333,14.36111111111111,0.0,4.677777777777778,0.12222222222222222,257.22777777777776,3.772222222222222,16.227777777777778
27,5,182.0,420802.67397260276,12.967123287671233,0.0,6.1808219178082195,0.07671232876712329,272.73150684931505,7.257534246575342,14.528767123287672
27,6,225.0,1262319.889135255,3.1352549889135255,0.0,8.494456762749445,0.026607538802660754,422.9756097560976,2.3636363636363638,20.541019955654104
28,1,175.5,166175.02272727274,0.0,0.0,4.778409090909091,0.2784090909090909,217.98863636363637,0.2840909090909091,8.142045454545455
28,2,213.0,1321705.9391100702,0.0,0.0,7.405152224824356,0.6557377049180327,215.68852459016392,10.009367681498828,21.22248243559719
28,3,174.0,3861237.2979942695,0.0,0.0,9.18624641833811,0.9111747851002865,470.8395415472779,18.974212034383953,29.6189111747851
28,4,195.5,860177.0459183673,2.104591836734694,0.0,4.191326530612245,0.08673469387755102,276.5612244897959,10.125,15.627551020408163
28,5,148.0,-1433881968180.1548,4.407407407407407,0.0,4.619528619528619,0.3569023569023569,336.3063973063973,8.68013468013468,15.79124579124579
28,6,408.0,232507.0905752754,1.7637698898408813,0.0,5.938800489596083,0.08567931456548347,393.35495716034274,1.7209302325581395,12.826193390452877
29,1,,,,,,,,,
29,2,306.0,438199.4241435563,3.9543230016313213,0.0,7.637846655791191,0.6688417618270799,506.92659053833603,3.8270799347471454,12.606851549755302
29,3,169.5,2575236.5529411766,10.297058823529412,0.0,13.755882352941176,1.2470588235294118,791.064705882353,11.214705882352941,29.314705882352943
29,4,309.5,18392.058064516128,2.817741935483871,0.0,5.508064516129032,0.24516129032258063,345.40806451612906,2.5983870967741933,6.29516129032258
29,5,227.0,93758.35164835164,4.808791208791209,0.004395604395604396,5.859340659340659,0.36043956043956044,468.32307692307694,5.898901098901099,10.410989010989011
29,6,421.5,96202.43720379147,2.546208530805687,0.0,7.291469194312796,0.08530805687203792,549.5047393364929,2.0414691943127963,10.40521327014218
30,1,298.5,161144.7575250836,2.6471571906354514,0.023411371237458192,5.478260869565218,0.30434782608695654,391.39464882943145,2.3662207357859533,10.444816053511706
30,2,175.5,2018583.3579545454,0.0,0.0,7.505681818181818,0.23863636363636365,322.39204545454544,10.928977272727273,23.548295454545453
30,3,200.0,3470367.0274314214,0.0,0.0,10.344139650872817,0.10972568578553615,417.92518703241893,11.179551122194514,26.194513715710723
30,4,196.5,621663.8375634517,0.0,0.0,5.284263959390863,0.3248730964467005,205.01015228426397,14.692893401015228,14.50507614213198
30,5,247.5,151538.9556451613,0.0,0.0,7.100806451612903,0.13709677419354838,245.44758064516128,6.530241935483871,12.046370967741936
30,6,314.5,724592.7682539682,0.0,0.0,7.917460317460318,0.13968253968253969,310.93174603174606,2.4761904761904763,15.933333333333334
31,1,,,,,,,,,
31,2,,,,,,,,,
31,3,102.0,5041961.248780488,0.0,0.0,17.053658536585367,2.1365853658536587,487.4634146341463,8.141463414634146,44.551219512195125
31,4,171.5,101764.16569767441,1.1104651162790697,0.0,4.988372093023256,0.28488372093023256,283.31976744186045,5.226744186046512,8.232558139534884
31,5,150.5,204013.18543046358,0.0,0.0,7.788079470198675,0.6887417218543046,195.1887417218543,8.93046357615894,12.314569536423841
31,6,,,,,,,,,
32,1,299.0,122883.32721202003,0.2938230383973289,0.0,5.706176961602671,0.4240400667779633,312.36560934891486,1.988313856427379,8.774624373956595
32,2,329.5,574493.1772727272,0.34393939393939393,0.0,6.372727272727273,0.6,278.19242424242424,10.85,11.895454545454545
32,3,195.0,3398346.902813299,14.107416879795396,0.0,9.92838874680307,1.1253196930946292,560.7774936061381,8.736572890025576,22.097186700767264
32,4,207.5,310413.3173076923,1.1586538461538463,0.0,7.721153846153846,0.6826923076923077,328.0264423076923,6.603365384615385,12.728365384615385
32,5,234.5,788297.7085106383,4.376595744680851,0.0,7.419148936170213,0.274468085106383,315.27021276595747,13.997872340425532,13.336170212765957
32,6,542.5,110585.06537753223,2.4889502762430937,0.0,6.952117863720074,0.08287292817679558,308.24125230202577,2.679558011049724,8.014732965009209
33,1,,,,,,,,,
33,2,,,,,,,,,
33,3,,,,,,,,,
33,4,144.0,558050.3252595155,0.0,0.0,6.242214532871972,0.2422145328719723,289.878892733564,6.505190311418685,15.937716262975778
33,5,,,,,,,,,
33,6,,,,,,,,,
34,1,126.0,380550.8774703557,1.5217391304347827,0.0,7.861660079051384,0.6640316205533597,544.6403162055336,2.6877470355731226,14.679841897233201
34,2,164.5,1983360.1151515152,1.809090909090909,0.0,8.557575757575757,1.303030303030303,456.3939393939394,7.278787878787878,24.796969696969697
34,3,141.5,3857801.693661972,7.880281690140845,0.0,15.55281690140845,1.3943661971830985,719.1091549295775,11.246478873239436,34.024647887323944
34,4,246.0,395712.5070993915,1.7809330628803246,0.0,4.95131845841785,0.056795131845841784,271.3975659229209,1.8377281947261663,9.178498985801218
34,5,147.0,2652007.0983050847,1.688135593220339,0.0,6.3254237288135595,0.42033898305084744,419.2881355932203,5.691525423728813,17.759322033898304
34,6,170.5,909618.581871345,0.6081871345029239,0.0,8.56140350877193,0.38011695906432746,471.8099415204678,1.8304093567251463,15.909356725146198
35,1,,,,,,,,,
35,2,,,,,,,,,
35,3,115.5,26933420.51724138,0.0,0.0,10.181034482758621,0.7068965517241379,421.17241379310343,12.780172413793103,42.3448275862069
35,4,266.0,370647.3752345216,0.0,0.0,0.01125703564727955,0.0,0.27392120075046905,3.3095684803001877,9.27016885553471
35,5,217.0,1335931.7218390806,0.0,0.0,7.374712643678161,0.3816091954022989,268.6183908045977,7.259770114942529,17.480459770114944
35,6,274.5,1012829.9763636363,0.0,0.0,4.154545454545454,0.03636363636363636,150.60181818181817,1.4981818181818183,17.841818181818184
36,1,159.5,446955.653125,1.5,0.0,7.95,0.35,399.60625,3.634375,14.084375
36,2,183.5,2078036.608695652,2.472826086956522,0.08695652173913043,7.138586956521739,0.6793478260869565,425.5923913043478,8.21195652173913,23.125
36,3,146.5,8272302.282312925,8.0,0.0,11.680272108843537,1.0612244897959184,767.3265306122449,16.22108843537415,36.48979591836735
36,4,173.0,1244364.576368876,2.956772334293948,0.0,6.100864553314121,0.011527377521613832,325.8097982708934,14.573487031700289,16.939481268011527
36,5,118.5,1169141.8151260505,2.008403361344538,0.0,5.9033613445378155,0.3949579831932773,545.3277310924369,15.781512605042018,21.88235294117647
36,6,321.5,787314.4829192547,0.0,0.0,7.324534161490683,0.052795031055900624,232.1552795031056,2.3850931677018634,16.392857142857142
37,1,156.0,293809.2971246006,1.6932907348242812,0.0,9.757188498402556,0.6261980830670927,782.9456869009584,4.584664536741214,14.926517571884984
37,2,,,,,,,,,
37,3,,,,,,,,,
37,4,168.5,833267.3550295858,2.1863905325443787,0.0,4.520710059171598,0.20710059171597633,472.8905325443787,10.937869822485206,13.153846153846153
37,5,265.0,329220.14877589454,2.785310734463277,0.0,4.585687382297552,0.3728813559322034,442.3069679849341,7.88135593220339,11.915254237288135
37,6,400.5,94949.70698254363,0.6433915211970075,0.0,7.728179551122195,0.10224438902743142,575.0137157107232,1.942643391521197,9.733167082294264
38,1,139.5,714912.35,0.0,0.0,7.921428571428572,0.05714285714285714,307.26428571428573,12.535714285714286,21.275
38,2,105.0,5939440.137440759,6.488151658767772,0.0,9.222748815165877,0.7109004739336493,616.8199052132701,18.81042654028436,41.77725118483412
38,3,75.0,25559684.33112583,9.218543046357615,0.0,12.7682119205298,1.9205298013245033,693.1456953642385,49.11920529801324,75.2251655629139
38,4,106.0,1211103.8356807511,4.948356807511737,0.0,5.173708920187793,0.14084507042253522,427.5211267605634,4.525821596244131,16.417840375586856
38,5,134.0,369775.11152416357,0.18587360594795538,0.0,0.4721189591078067,0.04460966542750929,53.46468401486989,6.717472118959108,18.843866171003718
38,6,194.0,1510702.089974293,1.8920308483290489,0.0,9.917737789203084,0.13881748071979436,572.3213367609254,3.012853470437018,22.308483290488432
39,1,222.5,330918.81165919284,1.899103139013453,0.11659192825112108,6.894618834080718,0.8295964125560538,343.1883408071749,4.105381165919282,12.852017937219731
39,2,242.0,1546215.0577319588,1.9134020618556702,0.049484536082474224,6.094845360824742,0.4536082474226804,291.25773195876286,10.931958762886598,18.175257731958762
39,3,197.5,681235.255050505,9.803030303030303,0.025252525252525252,12.676767676767676,0.9393939393939394,611.219696969697,17.366161616161616,22.25
39,4,274.5,212483.20545454544,1.529090909090909,0.03636363636363636,4.738181818181818,0.20363636363636364,208.05636363636364,3.6472727272727274,8.412727272727272
39,5,264.0,325336.90359168244,1.7504725897920606,0.07183364839319471,7.591682419659735,0.3516068052930057,308.07561436672967,7.23062381852552,12.429111531190927
39,6,345.0,536458.3487698986,1.8364688856729379,0.08972503617945007,7.878437047756874,0.11287988422575977,429.73661360347324,2.21273516642547,13.697539797395079
40,1,,,,,,,,,
40,2,,,,,,,,,
40,3,,,,,,,,,
40,4,174.0,338339.34383954154,2.2951289398280803,0.0,5.306590257879656,0.011461318051575931,194.26074498567334,8.822349570200574,12.375358166189113
40,5,269.0,268935.0445269017,1.4526901669758812,0.0,4.938775510204081,0.20408163265306123,192.56771799628942,4.666048237476809,12.241187384044528
40,6,,,,,,,,,
41,1,,,,,,,,,
41,2,232.5,520789.017167382,4.336909871244635,0.004291845493562232,10.008583690987125,0.8540772532188842,721.9914163090128,10.270386266094421,16.13519313304721
41,3,146.5,5110318.867346939,4.08843537414966,0.0,15.013605442176871,1.380952380952381,606.5068027210884,19.70408163265306,31.510204081632654
41,4,191.5,211187.93229166666,1.7916666666666667,0.0,9.630208333333334,0.22916666666666666,302.8541666666667,10.083333333333334,12.674479166666666
41,5,139.5,286679.95714285714,2.817857142857143,0.0,7.457142857142857,0.36428571428571427,288.6642857142857,11.29642857142857,14.367857142857142
41,6,474.0,244007.1559536354,1.2708113804004215,0.0,7.6206533192834565,0.0737618545837724,288.17492096944153,3.38145416227608,11.510010537407798
42,1,261.5,201929.22709923665,3.3912213740458017,0.0,5.927480916030534,0.5267175572519084,235.4885496183206,3.482824427480916,11.23473282442748
42,2,213.5,1845290.0257009345,5.098130841121495,0.0,7.074766355140187,0.616822429906542,233.00467289719626,5.168224299065421,21.939252336448597
42,3,116.0,9464506.630901288,22.261802575107296,0.0,11.081545064377682,1.3819742489270386,301.42918454935625,17.459227467811157,43.07725321888412
42,4,294.0,812242.8709677419,2.5534804753820035,0.0,5.568760611205433,0.10526315789473684,191.6332767402377,4.611205432937182,13.168081494057725
42,5,167.5,1085011.324404762,5.883928571428571,0.0,8.821428571428571,0.3630952380952381,233.38690476190476,9.017857142857142,23.613095238095237
42,6,326.5,1126625.6758409785,4.030581039755352,0.0,8.00611620795107,0.25382262996941896,302.02905198776756,0.8899082568807339,17.333333333333332
43,1,188.0,512675.3580901857,0.0,0.0,7.50132625994695,0.03183023872679045,273.8753315649867,6.665782493368701,16.220159151193634
43,2,177.0,2332786.1830985914,3.4816901408450702,0.0,7.352112676056338,0.03380281690140845,500.49577464788734,15.132394366197182,23.616901408450705
43,3,78.5,15860325.48101266,11.822784810126583,0.0,11.291139240506329,0.06329113924050633,914.0443037974684,37.037974683544306,61.75949367088607
43,4,163.0,422415.65137614676,3.8042813455657494,0.0,5.3058103975535165,0.15902140672782875,581.1865443425077,13.293577981651376,15.391437308868502
43,5,,,,,,,,,
43,6,,,,,,,,,
44,1,207.5,178028.40384615384,2.8173076923076925,0.0,6.430288461538462,0.028846153846153848,703.8822115384615,3.581730769230769,9.14423076923077
44,2,323.5,370786.2808641975,3.6805555555555554,0.0,9.29320987654321,0.018518518518518517,1064.6882716049383,11.421296296296296,13.314814814814815
44,3,244.5,1505264.6367346938,12.708163265306123,0.0,9.471428571428572,0.04897959183673469,1431.7530612244898,10.00204081632653,17.124489795918368
44,4,313.0,100295.38118022328,4.384370015948964,0.003189792663476874,7.416267942583732,0.09569377990430622,765.3859649122807,9.94896331738437,7.521531100478469
44,5,251.5,232647.04166666666,4.2103174603174605,0.0,8.222222222222221,0.04365079365079365,1024.9126984126983,9.128968253968255,12.646825396825397
44,6,342.5,1068892.1588921284,2.446064139941691,0.0,11.932944606413994,0.04664723032069971,1484.8862973760934,4.336734693877551,14.212827988338192
45,1,,,,,,,,,
45,2,,,,,,,,,
45,3,42.5,58890563.58139535,0.0,0.0,46.30232558139535,0.32558139534883723,1202.3023255813953,28.267441860465116,116.32558139534883
45,4,120.5,1019224.2190082645,0.008264462809917356,0.0,9.743801652892563,0.03305785123966942,333.12396694214874,9.541322314049587,20.39669421487603
45,5,134.0,631158.7881040892,0.0,0.0,10.95539033457249,0.3940520446096654,420.5501858736059,9.085501858736059,22.50185873605948
45,6,,,,,,,,,
46,1,289.0,324039.3747841105,0.0,0.0,6.335060449050086,0.11053540587219343,187.5181347150259,2.4179620034542313,12.625215889464593
46,2,201.0,1556757.8263027295,0.0,0.0,8.779156327543424,0.13399503722084366,253.95285359801488,5.94044665012407,19.82133995037221
46,3,,,,,,,,,
46,4,235.0,517770.3673036093,0.0,0.0,7.1847133757961785,0.10191082802547771,176.42462845010616,3.356687898089172,11.51592356687898
46,5,,,,,,,,,
46,6,359.0,286002.0361613352,0.8539638386648123,0.0,8.74547983310153,0.0917941585535466,2087.897079276773,1.4075104311543811,12.564673157162726
47,1,251.5,123907.24007936507,0.9464285714285714,0.027777777777777776,6.003968253968254,0.2896825396825397,418.218253968254,2.8115079365079363,10.94047619047619
47,2,257.0,1198263.6233009708,2.4815533980582525,0.05048543689320388,6.675728155339806,0.45048543689320386,379.2699029126214,6.902912621359223,16.114563106796115
47,3,168.0,5239234.899109792,10.632047477744807,0.04747774480712166,10.124629080118694,0.9317507418397626,700.7210682492581,14.830860534124628,30.783382789317507
47,4,247.0,206717.43434343435,1.1353535353535353,0.05656565656565657,5.268686868686869,0.4,324.6080808080808,2.4282828282828284,9.004040404040405
47,5,174.5,22454100.61142857,2.2914285714285714,0.06857142857142857,9.802857142857142,0.5942857142857143,1066.422857142857,4.8,32.177142857142854
47,6,312.5,432665.8130990415,0.7875399361022364,0.003194888178913738,8.110223642172524,0.24600638977635783,521.0319488817892,2.110223642172524,14.798722044728434
48,1,,,,,,,,,
48,2,183.5,1779737.625,2.592391304347826,0.005434782608695652,6.138586956521739,0.010869565217391304,402.3967391304348,8.021739130434783,21.86413043478261
48,3,108.5,12534614.834862385,16.26605504587156,0.0,17.36697247706422,0.3577981651376147,795.7339449541284,18.756880733944953,44.26146788990825
48,4,168.5,320260.5621301775,1.2958579881656804,0.0,5.662721893491124,0.08284023668639054,315.31065088757396,5.136094674556213,10.118343195266272
48,5,160.0,613602.0685358256,3.856697819314642,0.0,6.348909657320872,0.03115264797507788,421.0747663551402,9.610591900311526,17.753894080996886
48,6,280.0,2637667.871657754,2.0267379679144386,0.0,10.360071301247771,0.1354723707664884,614.5472370766488,2.053475935828877,18.666666666666668
49,1,172.5,331663.73410404625,1.2052023121387283,0.0,9.771676300578035,0.5144508670520231,565.2976878612717,2.861271676300578,14.846820809248555
49,2,283.0,489216.97001763666,8.666666666666666,0.0,5.843033509700176,0.564373897707231,338.61728395061726,9.264550264550264,15.003527336860671
49,3,322.5,355920.8173374613,5.682662538699691,0.0,6.521671826625387,0.9040247678018576,437.54334365325076,10.617647058823529,16.39938080495356
49,4,170.0,340502.44281524926,2.5865102639296187,0.0,5.624633431085044,0.07038123167155426,319.69794721407624,5.431085043988269,11.129032258064516
49,5,260.0,133294.59117082533,2.3397312859884836,0.011516314779270634,5.387715930902111,0.23032629558541268,307.2763915547025,4.468330134357005,8.191938579654511
49,6,431.5,287704.5462962963,1.5277777777777777,0.0,9.03125,0.07175925925925926,405.38310185185185,3.4108796296296298,11.706018518518519
50,1,,,,,,,,,
50,2,187.0,1001356.8506666666,0.0,0.0,7.224,0.768,202.62133333333333,8.330666666666668,18.714666666666666
50,3,93.0,10656242.219251337,0.0,0.0,12.994652406417112,1.695187165775401,327.475935828877,20.497326203208555,53.38502673796791
50,4,174.5,1577916.4228571428,0.0,0.0,4.574285714285714,0.24,152.22,5.351428571428571,17.791428571428572
50,5,131.5,3590993.928030303,0.0,0.0,11.018939393939394,0.4696969696969697,269.7386363636364,12.446969696969697,30.0
50,6,109.5,3716412.959090909,14.381818181818181,0.0,9.945454545454545,0.11818181818181818,430.3,2.831818181818182,36.20909090909091
51,1,229.5,192262.94347826086,0.0,0.0,8.61304347826087,0.3782608695652174,305.5826086956522,2.9347826086956523,14.234782608695653
51,2,361.0,194018.42600276624,0.0,0.0,6.48686030428769,0.5311203319502075,193.16597510373444,5.499308437067773,11.8865836791148
51,3,188.5,1549002.701058201,7.857142857142857,0.031746031746031744,11.555555555555555,0.8201058201058201,835.7989417989418,5.4603174603174605,24.865079365079364
51,4,197.5,620391.6388888889,0.11868686868686869,0.0,8.113636363636363,0.30303030303030304,208.87878787878788,5.207070707070707,13.919191919191919
51,5,185.0,157824.6576819407,0.3746630727762803,0.005390835579514825,6.463611859838275,0.3935309973045822,200.89487870619945,11.959568733153638,11.95687331536388
51,6,281.5,430225.1773049645,0.3776595744680851,0.0,9.168439716312056,0.12056737588652482,280.2588652482269,1.820921985815603,16.27304964539007
52,1,249.0,183906.0480961924,0.0,0.0,5.046092184368738,0.312625250501002,145.63927855711424,3.1743486973947896,10.084168336673347
52,2,257.0,730660.6912621359,0.0,0.0,6.578640776699029,0.5980582524271845,150.58252427184465,10.827184466019418,16.780582524271846
52,3,200.0,2425739.172069825,0.0,0.0,10.259351620947632,0.8379052369077307,237.1645885286783,14.957605985037407,21.623441396508728
52,4,137.5,493440.0688405797,0.0,0.0,4.442028985507246,0.09420289855072464,133.7391304347826,6.692028985507246,15.38768115942029
52,5,136.0,51358.945054945056,2.6227106227106227,0.0,5.758241758241758,0.46153846153846156,388.3113553113553,13.32967032967033,19.695970695970697
52,6,369.5,293071.4662162162,0.0,0.0,0.0,0.0,0.0,2.3527027027027025,12.39864864864865
53,1,289.0,90692.88946459413,0.21761658031088082,0.0,1.8324697754749568,0.08635578583765112,192.03626943005182,1.677029360967185,8.968911917098445
53,2,241.5,877293.194214876,5.287190082644628,0.0,7.5041322314049586,0.987603305785124,617.297520661157,6.146694214876033,17.770661157024794
53,3,205.5,1787111.2257281553,16.00728155339806,0.0,10.720873786407767,0.9757281553398058,992.8179611650486,9.055825242718447,25.79854368932039
53,4,195.5,386125.20153061225,1.0535714285714286,0.0,7.030612244897959,0.21428571428571427,536.3698979591836,4.456632653061225,13.308673469387756
53,5,207.5,114117.92788461539,2.4615384615384617,0.0,5.961538461538462,0.24519230769230768,507.8389423076923,4.764423076923077,10.288461538461538
53,6,321.0,688720.7076205288,0.968895800933126,0.0,9.934681181959565,0.16485225505443235,644.6905132192846,2.2426127527216173,15.500777604976673
54,1,163.5,116634.91463414633,0.3353658536585366,0.0,6.530487804878049,0.6158536585365854,284.7560975609756,2.0304878048780486,12.768292682926829
54,2,178.0,2215469.9719887953,4.518207282913165,0.0,6.280112044817927,0.6722689075630253,468.47899159663865,5.69467787114846,22.87955182072829
54,3,141.5,3962580.0880281692,12.43661971830986,0.0,12.528169014084508,1.3098591549295775,869.4401408450705,8.48943661971831,34.16901408450704
54,4,142.5,2357470.8286713287,0.27972027972027974,0.0,3.7482517482517483,0.15384615384615385,169.85314685314685,3.6083916083916083,16.402097902097903
54,5,115.5,2186772.6637931033,3.9655172413793105,0.0,6.806034482758621,0.5431034482758621,610.4353448275862,6.254310344827586,23.030172413793103
54,6,164.5,637272.3303030303,2.309090909090909,0.0,6.612121212121212,0.23030303030303031,474.95454545454544,0.6212121212121212,15.951515151515151
55,1,373.0,179703.45515394912,0.8728246318607764,0.0,5.196787148594377,0.0856760374832664,406.95314591700134,1.4163319946452477,8.550200803212851
55,2,,,,,,,,,
55,3,191.5,1348631.34375,1.2760416666666667,0.0,12.9453125,0.4479166666666667,568.4713541666666,8.794270833333334,26.7890625
55,4,212.5,894438.0774647887,3.011737089201878,0.0,4.21830985915493,0.1267605633802817,409.2488262910798,8.368544600938968,13.692488262910798
55,5,128.0,1112991.6031128406,6.525291828793774,0.0,7.879377431906615,0.16342412451361868,674.4396887159533,8.906614785992218,19.560311284046694
55,6,,,,,,,,,
56,1,268.5,173145.2342007435,0.0,0.0,5.83271375464684,0.31226765799256506,245.3903345724907,1.8550185873605949,9.6635687732342
56,2,254.0,510425.88015717093,0.0,0.0,7.846758349705304,0.6444007858546169,299.82514734774065,6.829076620825147,14.781925343811395
56,3,114.5,4129858.8260869565,0.0,0.0,10.321739130434782,1.3043478260869565,396.4217391304348,13.395652173913044,31.104347826086958
56,4,272.5,253025.92673992674,0.0,0.0,0.0,0.0,0.0,2.782051282051282,8.65018315018315
56,5,224.0,866220.122494432,0.0,0.0,4.743875278396437,0.23608017817371937,203.14699331848553,4.149220489977728,13.015590200445434
56,6,303.5,603678.9950657894,0.0,0.0,8.828947368421053,0.06907894736842106,317.6891447368421,1.8157894736842106,15.776315789473685
57,1,,,,,,,,,
57,2,,,,,,,,,
57,3,,,,,,,,,
57,4,182.0,317453.2109589041,4.504109589041096,0.0,7.052054794520548,0.0273972602739726,461.8684931506849,2.304109589041096,12.632876712328768
57,5,,,,,,,,,
57,6,214.5,1505636.3395348836,4.665116279069768,0.0,9.158139534883722,0.11162790697674418,617.9883720930233,2.8255813953488373,22.130232558139536
58,1,,,,,,,,,
58,2,,,,,,,,,
58,3,,,,,,,,,
58,4,198.5,1056743.015075377,0.0,0.0,5.133165829145729,0.09547738693467336,150.5854271356784,3.64070351758794,12.138190954773869
58,5,,,,,,,,,
58,6,,,,,,,,,
59,1,208.0,534492.9784172662,1.4964028776978417,0.0,6.081534772182255,0.1774580335731415,240.4748201438849,3.093525179856115,11.611510791366907
59,2,222.0,3078674.782022472,2.5730337078651684,0.0044943820224719105,6.391011235955056,0.42696629213483145,306.32359550561796,7.604494382022472,20.339325842696628
59,3,178.5,3520049.413407821,6.539106145251397,0.00558659217877095,8.511173184357542,0.6703910614525139,445.8743016759777,9.449720670391061,25.79608938547486
59,4,158.0,457861.07570977916,1.3059936908517351,0.0,5.022082018927445,0.2902208201892745,215.57413249211356,2.3186119873817033,12.59621451104101
59,5,202.0,970569.0395061729,2.0320987654320986,0.0,5.982716049382716,0.2222222222222222,249.5456790123457,3.1753086419753087,14.906172839506173
59,6,219.0,1103487.583143508,0.0,0.0,6.82004555808656,0.09567198177676538,207.56947608200454,0.9886104783599089,18.441913439635535
60,1,,,,,,,,,
60,2,,,,,,,,,
60,3,,,,,,,,,
60,4,265.0,250150.21280602636,2.702448210922787,0.0,5.308851224105461,0.10922787193973635,320.2881355932203,1.5178907721280603,8.677966101694915
60,5,225.0,984967.3192904657,6.893569844789357,0.004434589800443459,8.35920177383592,0.3946784922394678,542.7649667405765,6.753880266075388,17.066518847006652
60,6,244.5,916624.7265306122,3.1142857142857143,0.0,9.795918367346939,0.2612244897959184,624.6938775510204,1.8877551020408163,16.857142857142858
61,1,,,,,,,,,
61,2,322.5,283561.64705882355,3.7414860681114552,0.0,4.267801857585139,0.20123839009287925,242.5232198142415,4.230650154798762,11.010835913312693
61,3,223.0,2868093.0067114094,0.0,0.0,6.648769574944072,0.465324384787472,160.9082774049217,15.718120805369127,24.217002237136466
61,4,212.0,58222.74352941177,0.018823529411764704,0.0,5.24,0.19294117647058823,214.29882352941178,3.367058823529412,6.527058823529412
61,5,237.5,651056.9327731093,0.06092436974789916,0.0,6.401260504201681,0.226890756302521,309.71638655462186,9.96218487394958,15.766806722689076
61,6,269.0,774542.4489795918,0.016697588126159554,0.0,8.91465677179963,0.15584415584415584,442.83116883116884,2.1094619666048238,16.948051948051948
62,1,239.0,102895.17118997913,1.0041753653444676,0.0,7.6576200417536535,0.6430062630480167,442.97703549060543,2.0542797494780793,11.31106471816284
62,2,,,,,,,,,
62,3,,,,,,,,,
62,4,140.0,303262.4697508897,0.0,0.0,4.782918149466192,0.1708185053380783,141.69750889679716,13.316725978647687,10.259786476868328
62,5,,,,,,,,,
62,6,,,,,,,,,
63,1,290.5,252089.06701030929,0.0,0.0,5.161512027491409,0.3917525773195876,165.48969072164948,2.288659793814433,9.93298969072165
63,2,238.0,1672335.3836477988,0.0,0.0,4.813417190775682,0.2389937106918239,175.89517819706498,6.716981132075472,17.566037735849058
63,3,155.0,4646766.948553055,0.0,0.0,12.270096463022508,0.7202572347266881,474.36012861736333,14.405144694533762,32.559485530546624
63,4,300.5,1214296.8604651163,0.0,0.0,8.137873754152825,0.029900332225913623,191.82558139534885,3.5946843853820596,12.159468438538205
63,5,166.0,503180.033033033,0.0,0.0,7.990990990990991,0.27627627627627627,249.72672672672672,10.441441441441441,18.474474474474473
63,6,302.0,480092.04132231406,0.0,0.0,6.9024793388429755,0.07272727272727272,212.2710743801653,2.0793388429752064,15.469421487603306
64,1,,,,,,,,,
64,2,,,,,,,,,
64,3,,,,,,,,,
64,4,201.5,131002.08168316832,0.24257425742574257,0.0,3.9702970297029703,0.2871287128712871,240.8391089108911,3.9381188118811883,9.267326732673267
64,5,164.0,1848049.869300912,0.0,0.0,5.276595744680851,0.3768996960486322,203.50455927051672,11.033434650455927,21.954407294832826
64,6,177.0,2271249.7014084505,0.0,0.0,7.515492957746479,0.3211267605633803,316.5098591549296,2.3492957746478873,25.380281690140844
65,1,,,,,,,,,
65,2,,,,,,,,,
65,3,,,,,,,,,
65,4,297.0,182713.96302521008,2.418487394957983,0.0,4.974789915966387,0.09747899159663866,276.7310924369748,3.552941176470588,8.15126050420168
65,5,209.0,669705.1503579952,2.181384248210024,0.0,7.011933174224343,0.15274463007159905,422.7541766109785,11.071599045346062,16.24582338902148
65,6,306.0,321130.352365416,2.365415986949429,0.0,8.414355628058727,0.13050570962479607,538.4779771615008,2.9559543230016314,14.913539967373573
66,1,208.5,112683.52631578948,3.4976076555023923,0.0,6.511961722488039,0.28708133971291866,355.71531100478467,2.2799043062200957,8.318181818181818
66,2,440.0,1780835.9001135074,7.507377979568672,0.0,6.5754824063564135,0.6515323496027242,387.0488081725312,6.17366628830874,16.72644721906924
66,3,126.5,4096152.196850394,12.0748031496063,0.0,8.44488188976378,0.6456692913385826,508.51574803149606,11.653543307086615,29.503937007874015
66,4,88.5,387958.106741573,0.0,0.0,4.157303370786517,0.02247191011235955,197.34831460674158,9.707865168539326,9.039325842696629
66,5,248.5,336471.2871485944,2.8714859437751006,0.0,3.216867469879518,0.11244979919678715,97.02409638554217,6.279116465863454,11.162650602409638
66,6,398.5,195208.84085213032,1.7907268170426065,0.0,6.8007518796992485,0.13784461152882205,517.516290726817,42.57268170426065,13.167919799498748
67,1,128.0,513380.8871595331,1.7782101167315174,0.0,10.809338521400779,1.2140077821011672,446.8832684824903,2.3268482490272375,16.470817120622566
67,2,344.0,611353.3178519594,6.056603773584905,0.22931785195936139,6.55732946298984,0.5573294629898403,610.8374455732946,5.634252539912917,12.985486211901307
67,3,188.5,1511278.0925925926,10.687830687830688,0.06349206349206349,12.923280423280424,0.9206349206349206,966.3624338624338,10.785714285714286,21.595238095238095
67,4,171.0,262853.43731778424,2.311953352769679,0.01749271137026239,8.43731778425656,0.15160349854227406,584.1107871720117,5.142857142857143,10.317784256559767
67,5,342.5,158008.23032069972,4.924198250728863,0.17201166180758018,6.186588921282799,0.3819241982507289,457.3381924198251,4.151603498542274,9.020408163265307
67,6,322.0,372299.7457364341,4.1069767441860465,0.26356589147286824,6.629457364341086,0.15813953488372093,623.4806201550388,2.737984496124031,11.269767441860465
68,1,177.0,243617.18309859154,1.8450704225352113,0.0,7.092957746478874,0.6197183098591549,676.1211267605634,2.5887323943661973,15.152112676056339
68,2,,,,,,,,,
68,3,247.0,510049.37171717174,3.503030303030303,0.0,6.278787878787878,0.8,639.3898989898989,6.565656565656566,16.602020202020203
68,4,181.5,1449541.9065934066,0.0,0.0,4.730769230769231,0.12637362637362637,190.85164835164835,8.741758241758241,16.23076923076923
68,5,144.0,903520.6712802768,0.0,0.0,5.155709342560554,0.5190311418685121,201.62975778546712,17.34948096885813,16.58823529411765
68,6,272.0,977414.0844036697,0.0,0.0,6.411009174311927,0.1577981651376147,271.93211009174314,3.3211009174311927,18.81834862385321
69,1,,,,,,,,,
69,2,,,,,,,,,
69,3,110.5,4640462.558558558,0.0,0.0,10.49099099099099,0.09009009009009009,370.7162162162162,9.423423423423424,35.986486486486484
69,4,168.5,1218461.1360946745,1.4053254437869822,0.0,4.724852071005917,0.1242603550295858,145.92011834319527,2.6775147928994083,14.224852071005918
69,5,130.0,1936869.662835249,2.206896551724138,0.0,8.045977011494253,0.2835249042145594,274.57471264367814,10.199233716475096,30.490421455938698
69,6,192.0,1135902.8233766234,1.3532467532467531,0.0,7.3194805194805195,0.08311688311688312,269.6831168831169,1.2441558441558442,21.587012987012987
70,1,211.0,709353.6997635934,0.03309692671394799,0.0,0.061465721040189124,0.0,7.127659574468085,2.8297872340425534,10.25531914893617
70,2,251.5,1370104.5436507936,0.0,0.003968253968253968,0.007936507936507936,0.0,0.43253968253968256,9.35515873015873,17.261904761904763
70,3,195.5,1809130.323979592,7.114795918367347,0.0663265306122449,9.323979591836734,0.9795918367346939,480.6173469387755,14.668367346938776,22.397959183673468
70,4,254.0,199488.65618860512,1.9862475442043221,0.023575638506876228,6.927308447937132,0.047151277013752456,288.82318271119846,0.4950884086444008,9.172888015717092
70,5,147.0,506033.46779661014,4.223728813559322,0.0,6.6305084745762715,0.36610169491525424,329.7322033898305,6.871186440677966,13.728813559322035
70,6,418.5,404622.3735083532,0.0,0.0,0.0,0.0,0.0,2.583532219570406,12.797136038186158
71,1,150.0,39326.797342192694,0.8106312292358804,0.013289036544850499,5.488372093023256,0.4053156146179402,376.16943521594686,2.9335548172757475,11.598006644518273
71,2,231.5,1182118.5905172413,1.5754310344827587,0.0,7.913793103448276,0.5086206896551724,582.8793103448276,10.008620689655173,18.853448275862068
71,3,,,,,,,,,
71,4,150.0,196284.51827242525,1.026578073089701,0.0,5.149501661129568,0.17940199335548174,337.95348837209303,4.897009966777409,9.647840531561462
71,5,132.5,577468.909774436,3.2781954887218046,0.0,7.067669172932331,0.39097744360902253,504.812030075188,5.507518796992481,16.026315789473685
71,6,,,,,,,,,
72,1,,,,,,,,,
72,2,362.0,336147.9972413793,2.8758620689655174,0.0,8.082758620689654,0.6620689655172414,437.23172413793105,8.428965517241378,11.686896551724137
72,3,264.5,887406.4679245283,0.39811320754716983,0.0,0.9547169811320755,0.045283018867924525,41.737735849056605,7.090566037735849,14.960377358490566
72,4,198.5,292873.47989949747,4.193467336683417,0.0,4.809045226130653,0.05025125628140704,236.95979899497488,9.482412060301508,12.075376884422111
72,5,217.5,282447.9243119266,1.3738532110091743,0.0,6.536697247706422,0.29357798165137616,502.54587155963304,6.261467889908257,13.293577981651376
72,6,383.5,124474.87760416667,0.8854166666666666,0.0,6.817708333333333,0.09895833333333333,455.1419270833333,2.55078125,9.494791666666666
73,1,181.0,268650.41046831955,9.578512396694215,0.0,6.867768595041323,0.6391184573002755,326.0358126721763,4.12396694214876,14.088154269972451
73,2,192.0,1104644.6883116884,32.48571428571429,0.0,6.464935064935065,0.7948051948051948,356.2051948051948,11.122077922077922,23.12207792207792
73,3,204.5,1949042.7463414634,15.93658536585366,0.0,9.346341463414634,0.926829268292683,907.1512195121951,11.382926829268293,21.59512195121951
73,4,139.5,450245.0,6.439285714285714,0.0,4.535714285714286,0.03571428571428571,216.09642857142856,10.228571428571428,16.12857142857143
73,5,,,,,,,,,
73,6,292.5,503230.0699658703,6.721843003412969,0.0,6.755972696245734,0.11945392491467577,323.1331058020478,1.2764505119453924,13.35494880546075
74,1,365.0,200365.17647058822,0.9001367989056087,0.0,5.225718194254446,0.34610123119015046,499.3173734610123,1.3953488372093024,10.44186046511628
74,2,377.0,269018.66225165565,2.4927152317880794,0.02119205298013245,6.543046357615894,0.7072847682119205,382.7205298013245,4.966887417218543,11.275496688741722
74,3,174.5,6113501.488571429,18.26,0.011428571428571429,11.0,0.9771428571428571,756.3685714285714,14.64,27.951428571428572
74,4,415.5,41990.731971153844,2.0889423076923075,0.016826923076923076,6.324519230769231,0.2956730769230769,284.7536057692308,3.094951923076923,6.242788461538462
74,5,264.0,108593.36672967864,2.9829867674858224,0.0,5.485822306238186,0.332703213610586,332.3705103969754,5.020793950850662,8.848771266540643
74,6,428.5,156825.87412587414,3.152680652680653,0.0675990675990676,6.734265734265734,0.11188811188811189,400.06876456876455,1.0874125874125875,10.702797202797203
75,1,,,,,,,,,
75,2,,,,,,,,,
75,3,146.5,3852436.0204081633,0.11904761904761904,0.0,14.91156462585034,1.3401360544217686,819.5544217687075,13.285714285714286,33.35374149659864
75,4,174.5,106532.89142857143,0.9742857142857143,0.0,4.5,0.045714285714285714,282.19714285714286,3.322857142857143,7.722857142857142
75,5,158.0,253673.2429022082,1.6750788643533123,0.0,5.722397476340694,0.3028391167192429,321.58990536277605,7.252365930599369,11.67192429022082
75,6,305.0,986667.1816693945,0.8985270049099836,0.0032733224222585926,7.433715220949264,0.18003273322422259,401.01963993453353,0.9263502454991817,15.659574468085106
76,1,209.0,311942.4200477327,1.9331742243436754,0.0,8.424821002386635,0.1575178997613365,496.51551312649167,3.5059665871121717,11.976133651551313
76,2,217.5,608150.6743119266,0.0,0.0,8.020642201834862,0.05963302752293578,268.0596330275229,14.426605504587156,14.873853211009175
76,3,233.0,947766.1327623127,8.74304068522484,0.0,12.295503211991434,0.02569593147751606,852.2805139186296,12.858672376873661,18.571734475374733
76,4,332.5,114050.03903903904,1.545045045045045,0.0,7.753753753753754,0.057057057057057055,360.3123123123123,6.202702702702703,8.067567567567568
76,5,226.0,172407.30905077263,3.4966887417218544,0.0,5.739514348785872,0.03090507726269316,438.06401766004416,10.041942604856512,10.969094922737307
76,6,329.0,238182.82549317146,0.0,0.0,0.0030349013657056147,0.0,0.004552352048558422,1.4036418816388467,11.670713201820941
77,1,,,,,,,,,
77,2,,,,,,,,,
77,3,,,,,,,,,
77,4,170.0,1049983.568914956,2.9472140762463344,0.0,5.395894428152492,0.15835777126099707,175.6950146627566,4.390029325513196,13.821114369501466
77,5,,,,,,,,,
77,6,,,,,,,,,
78,1,120.5,1040995.7975206611,2.330578512396694,0.03305785123966942,6.954545454545454,0.01652892561983471,592.6157024793389,4.347107438016529,20.0
78,2,214.5,682838.9279069768,0.0,0.037209302325581395,6.213953488372093,0.046511627906976744,398.30697674418604,8.716279069767442,15.525581395348837
78,3,155.0,1977500.1382636656,0.0,0.02572347266881029,13.755627009646302,0.19292604501607716,866.6945337620579,17.778135048231512,31.964630225080384
78,4,190.0,507723.60104986874,0.0,0.0,6.267716535433071,0.25196850393700787,400.9422572178478,5.044619422572178,11.146981627296588
78,5,178.0,864067.4761904762,0.0028011204481792717,0.0056022408963585435,5.943977591036415,0.03361344537815126,444.14565826330534,11.35014005602241,14.99719887955182
78,6,365.5,352600.1912568306,0.40437158469945356,0.00819672131147541,7.48224043715847,0.030054644808743168,515.3155737704918,1.6530054644808743,12.528688524590164
79,1,231.5,250462.2780172414,1.6163793103448276,0.0,5.538793103448276,0.4353448275862069,180.25,2.6767241379310347,10.855603448275861
79,2,210.5,1468137.4597156397,4.2843601895734595,0.0,6.4739336492890995,0.5639810426540285,183.22037914691944,9.0260663507109,21.286729857819907
79,3,124.5,5917789.4,10.904,0.0,14.288,1.184,429.288,20.552,39.636
79,4,165.5,661801.3674698796,1.5,0.0,4.150602409638554,0.22289156626506024,158.57530120481928,5.0,11.629518072289157
79,5,166.0,1524226.7597597598,3.042042042042042,0.0,5.621621621621622,0.3183183183183183,196.38738738738738,8.864864864864865,21.177177177177178
79,6,189.5,4667762.886842106,2.4342105263157894,0.0,8.947368421052632,0.11052631578947368,277.13157894736844,2.9236842105263157,26.044736842105262
80,1,118.0,1432791.6202531646,1.481012658227848,0.0,8.08860759493671,0.6075949367088608,243.45569620253164,2.278481012658228,25.219409282700422
80,2,124.0,6339569.626506024,2.2771084337349397,0.0,7.903614457831325,0.7068273092369478,232.6586345381526,2.4056224899598395,36.36144578313253
80,3,74.5,43119001.24666667,3.8933333333333335,0.0,12.666666666666666,2.0533333333333332,407.86,3.4133333333333336,71.16666666666667
80,4,207.0,100709.9421686747,1.8072289156626506,0.0,5.137349397590361,0.03855421686746988,148.00722891566264,4.385542168674699,7.330120481927711
80,5,181.5,456526.6868131868,2.5741758241758244,0.0,5.670329670329671,0.29120879120879123,248.12912087912088,7.818681318681318,16.884615384615383
80,6,339.5,796255.7044117647,0.6705882352941176,0.0058823529411764705,6.932352941176471,0.08235294117647059,278.225,2.2573529411764706,16.530882352941177
81,1,171.0,437626.4664723032,0.03206997084548105,0.0,0.793002915451895,0.11078717201166181,224.2069970845481,3.860058309037901,12.358600583090379
81,2,221.5,818328.1126126127,2.3063063063063063,0.0,9.504504504504505,0.8513513513513513,2005.8153153153153,10.858108108108109,17.95945945945946
81,3,158.5,2321370.2987421383,6.877358490566038,0.0,15.949685534591195,1.4088050314465408,2758.830188679245,15.836477987421384,27.4811320754717
81,4,151.0,296420.91419141914,1.4323432343234324,0.0,9.003300330033003,0.052805280528052806,1511.2376237623762,9.676567656765677,11.184818481848184
81,5,197.0,125984.01518987342,2.1291139240506327,0.0,8.845569620253164,0.42025316455696204,1743.367088607595,7.384810126582279,11.141772151898735
81,6,280.0,1026395.4563279857,1.0873440285204992,0.0,9.472370766488414,0.0748663101604278,2194.8021390374333,3.106951871657754,15.748663101604278
82,1,276.5,142918.4693140794,1.55956678700361,0.0,6.115523465703971,0.555956678700361,415.60649819494586,1.6570397111913358,9.577617328519855
82,2,268.0,1260420.7076350092,4.599627560521415,0.0,6.324022346368715,0.7188081936685289,447.7709497206704,5.787709497206704,16.16387337057728
82,3,160.0,3644877.0685358257,11.35202492211838,0.018691588785046728,13.0,1.5451713395638629,708.4267912772585,13.40809968847352,30.747663551401867
82,4,291.0,48678.749571183536,2.0377358490566038,0.0,4.5763293310463125,0.15780445969125215,358.95883361921096,1.9039451114922814,6.687821612349914
82,5,261.0,139996.16252390057,3.063097514340344,0.0,4.891013384321224,0.3403441682600382,410.92925430210323,4.342256214149139,9.655831739961759
82,6,392.5,420220.67430025444,1.9936386768447838,0.002544529262086514,8.061068702290076,0.29770992366412213,507.2086513994911,1.9987277353689568,11.676844783715012
83,1,,,,,,,,,
83,2,268.0,679086.9068901304,3.171322160148976,0.0,6.651769087523277,0.6480446927374302,420.7709497206704,6.70391061452514,15.003724394785847
83,3,167.0,2902875.6,7.08955223880597,0.0,12.364179104477612,1.1970149253731344,392.8537313432836,15.474626865671642,26.271641791044775
83,4,190.5,387824.01832460734,1.7617801047120418,0.0,4.790575916230367,0.23036649214659685,168.15183246073298,5.636125654450262,9.662303664921465
83,5,173.0,237866.54755043227,48.39481268011527,0.0,4.847262247838617,0.3919308357348703,198.89913544668588,7.345821325648415,10.6657060518732
83,6,393.0,333603.7407878018,10.367217280813215,0.0,7.593392630241423,0.11689961880559085,209.25158831003813,1.085133418043202,11.900889453621346
84,1,,,,,,,,,
84,2,83.5,5558584.666666667,0.0,0.0,12.142857142857142,0.023809523809523808,457.5416666666667,28.68452380952381,45.23809523809524
84,3,103.5,11274086.625,0.9086538461538461,0.028846153846153848,13.865384615384615,0.15384615384615385,720.1009615384615,16.1875,42.71153846153846
84,4,212.5,232181.81690140846,0.6807511737089202,0.0,5.737089201877934,0.10328638497652583,450.8544600938967,4.300469483568075,11.744131455399062
84,5,,,,,,,,,
84,6,,,,,,,,,
85,1,165.5,318940.5843373494,0.0,0.0,6.662650602409639,0.5662650602409639,247.8012048192771,5.144578313253012,12.256024096385541
85,2,215.5,1477365.7847222222,0.0,0.0,6.694444444444445,0.6851851851851852,261.0671296296296,9.26388888888889,20.16435185185185
85,3,186.5,3748212.796791444,18.516042780748663,0.0,10.085561497326204,0.8556149732620321,590.6764705882352,12.27807486631016,26.296791443850267
85,4,188.5,377510.94444444444,0.0,0.0,5.227513227513228,0.25396825396825395,173.2724867724868,5.788359788359788,9.97883597883598
85,5,230.5,341134.3095238095,0.0,0.0,5.8441558441558445,0.4155844155844156,215.84199134199133,5.935064935064935,11.91125541125541
85,6,408.0,277004.1848225214,0.0,0.0,7.0159118727050185,0.07343941248470012,241.51162790697674,2.481028151774786,11.429620563035495
86,1,181.5,179094.68681318683,0.0,0.0,8.247252747252746,0.6098901098901099,255.3021978021978,2.3763736263736264,12.06043956043956
86,2,297.5,455501.83724832215,0.0,0.0,6.807046979865772,0.7315436241610739,190.01342281879195,10.088926174496644,13.052013422818792
86,3,228.0,1392599.3304157548,15.601750547045953,0.00437636761487965,10.052516411378555,0.9321663019693655,569.2560175054705,8.172866520787746,18.831509846827135
86,4,151.5,999025.9638157894,0.0,0.0,9.144736842105264,0.07894736842105263,209.57565789473685,12.361842105263158,17.86842105263158
86,5,228.5,418018.9847161572,1.6331877729257642,0.0,6.491266375545852,0.32751091703056767,352.18122270742356,15.827510917030567,13.279475982532752
86,6,461.0,123007.87107258938,1.1018418201516793,0.0,8.659804983748646,0.10834236186348863,420.7854821235103,1.4019501625135429,9.543878656554712
87,1,144.0,371529.4671280277,0.6470588235294118,0.006920415224913495,9.07266435986159,1.0034602076124568,488.74740484429066,2.764705882352941,16.958477508650518
87,2,198.5,2104245.0452261306,3.919597989949749,0.0,8.231155778894472,0.9949748743718593,564.6281407035176,10.879396984924623,22.62562814070352
87,3,155.0,5254104.202572348,0.0,0.0,10.141479099678456,1.2861736334405145,338.12861736334406,12.47588424437299,28.205787781350484
87,4,222.0,230627.48764044943,1.7842696629213484,0.0,6.233707865168539,0.07191011235955057,219.41573033707866,5.426966292134831,11.719101123595506
87,5,235.0,325058.0212314225,1.7770700636942676,0.0,8.479830148619957,0.3099787685774947,462.0191082802548,6.210191082802548,13.569002123142251
87,6,376.0,288223.4555112882,0.08366533864541832,0.0,8.630810092961488,0.2151394422310757,412.996015936255,1.849933598937583,12.602921646746347
88,1,213.5,120384.77570093458,0.3037383177570093,0.0,5.677570093457944,0.5327102803738317,298.05841121495325,3.2453271028037385,11.257009345794392
88,2,246.0,663284.3083164301,2.5091277890466532,0.0,6.430020283975659,0.5273833671399595,450.3225152129817,6.8154158215010145,15.96551724137931
88,3,162.0,4490387.686153846,7.181538461538461,0.0,12.387692307692308,1.0769230769230769,1013.8553846153847,19.446153846153845,31.52
88,4,236.0,517807.80126849894,1.0422832980972516,0.0,5.2135306553911205,0.13107822410147993,412.6744186046512,8.23044397463002,13.048625792811839
88,5,185.5,716927.1182795699,1.0994623655913978,0.0,6.021505376344086,0.3279569892473118,223.86021505376345,6.75,16.56989247311828
88,6,423.5,97414.45283018867,1.2429245283018868,0.0,7.077830188679245,0.09905660377358491,497.4080188679245,1.7936320754716981,10.752358490566039
89,1,,,,,,,,,
89,2,,,,,,,,,
89,3,60.5,13677346.114754098,3.4098360655737703,0.0,12.475409836065573,0.21311475409836064,318.0409836065574,4.60655737704918,60.09836065573771
89,4,289.5,1579684.2362068966,0.015517241379310345,0.0,9.656896551724138,0.38275862068965516,148.61724137931034,0.1103448275862069,15.767241379310345
89,5,62.5,1235793.5,0.4444444444444444,0.0,7.26984126984127,0.31746031746031744,188.88888888888889,0.5873015873015873,22.396825396825395
89,6,102.0,10571566.731707318,0.7658536585365854,0.0,8.234146341463415,0.17560975609756097,260.6390243902439,0.7414634146341463,47.517073170731706
90,1,193.0,86063.08785529716,1.4315245478036176,0.00516795865633075,6.149870801033591,0.09302325581395349,424.17571059431526,3.4289405684754524,9.5968992248062
90,2,213.0,1596184.7072599533,8.433255269320844,0.05620608899297424,6.8149882903981265,0.12646370023419204,497.78220140515225,10.206088992974239,20.142857142857142
90,3,147.5,12493681.256756756,23.64527027027027,0.02702702702702703,11.780405405405405,0.7567567567567568,724.1385135135135,20.39864864864865,37.520270270270274
90,4,180.0,543375.3573407202,2.9168975069252077,0.027700831024930747,4.127423822714682,0.16620498614958448,292.43490304709144,4.795013850415512,8.795013850415513
90,5,257.5,214074.47674418605,9.994186046511627,0.0,5.364341085271318,0.29069767441860467,475.56201550387595,4.986434108527132,11.034883720930232
90,6,197.5,536186.6893939395,4.164141414141414,0.050505050505050504,9.707070707070708,0.23737373737373738,702.2727272727273,4.398989898989899,18.03030303030303
91,1,252.5,329475.6679841897,2.0731225296442686,0.015810276679841896,5.373517786561265,0.41106719367588934,353.17391304347825,2.9130434782608696,11.75296442687747
91,2,207.5,1384892.9639423077,5.271634615384615,0.004807692307692308,7.802884615384615,0.7019230769230769,544.9927884615385,9.79326923076923,20.927884615384617
91,3,230.0,2030624.7353579176,11.145336225596528,0.013015184381778741,8.299349240780911,0.8720173535791758,565.0390455531453,9.950108459869849,19.932754880694144
91,4,148.0,1198128.2693602694,4.441077441077441,0.0,4.498316498316498,0.08754208754208755,318.2121212121212,7.043771043771044,15.053872053872054
91,5,115.0,1310770.121212121,4.376623376623376,0.0,5.584415584415584,0.4155844155844156,430.43290043290045,2.277056277056277,22.61904761904762
91,6,270.0,946105.5914972273,0.5212569316081331,0.0,7.486136783733826,0.17375231053604437,548.3327171903882,3.4528650646950094,18.21996303142329
92,1,204.5,393379.6341463415,0.0,0.0,6.439024390243903,0.14146341463414633,257.20975609756096,5.265853658536585,14.804878048780488
92,2,243.5,796805.7336065574,0.0,0.0,7.364754098360656,0.18442622950819673,238.05737704918033,7.622950819672131,18.354508196721312
92,3,111.0,5907454.107623318,0.0,0.0,20.50224215246637,0.15246636771300448,331.2645739910314,22.282511210762333,44.69506726457399
92,4,108.5,2337156.6743119266,0.0,0.0,6.293577981651376,0.30275229357798167,204.24311926605503,10.013761467889909,25.24770642201835
92,5,116.0,1855812.7725321888,2.484978540772532,0.0,11.218884120171674,0.20600858369098712,538.68669527897,13.133047210300429,26.858369098712448
92,6,180.5,1889370.5055248619,0.0,0.0,9.320441988950277,0.13812154696132597,308.878453038674,4.759668508287293,26.7292817679558
93,1,193.0,160101.09302325582,0.4134366925064599,0.0,7.449612403100775,0.08785529715762273,432.59948320413434,3.2454780361757107,10.746770025839794
93,2,167.0,1263638.8537313433,2.611940298507463,0.01791044776119403,9.056716417910447,0.011940298507462687,658.9850746268656,13.408955223880596,23.328358208955223
93,3,166.0,1980185.4174174175,3.6636636636636637,0.0,11.525525525525525,0.006006006006006006,902.3153153153153,20.43243243243243,28.00900900900901
93,4,144.5,467744.56551724137,0.6758620689655173,0.0,5.2620689655172415,0.21379310344827587,341.0310344827586,2.8275862068965516,10.151724137931035
93,5,184.0,500079.2113821138,0.8861788617886179,0.0,6.791327913279133,0.05962059620596206,426.5447154471545,6.951219512195122,14.13550135501355
93,6,323.5,1518938.5540123456,0.44290123456790126,0.0,8.462962962962964,0.024691358024691357,501.37191358024694,1.625,14.67283950617284
94,1,321.5,121542.14751552795,1.2282608695652173,0.003105590062111801,5.357142857142857,0.40683229813664595,284.94875776397515,1.3354037267080745,8.889751552795031
94,2,306.5,557827.0667752443,3.250814332247557,0.0,6.723127035830619,0.4723127035830619,301.9381107491857,5.6547231270358305,13.423452768729641
94,3,230.5,1926153.9783549784,11.774891774891774,0.0,8.91125541125541,0.9826839826839827,414.5844155844156,7.411255411255412,18.896103896103895
94,4,177.0,498359.67323943664,4.267605633802817,0.0,4.523943661971831,0.04507042253521127,222.256338028169,2.63943661971831,12.352112676056338
94,5,141.5,858387.7605633803,4.753521126760563,0.0,7.654929577464789,0.43661971830985913,378.7535211267606,6.584507042253521,18.246478873239436
94,6,322.0,570860.7581395349,2.877519379844961,0.0,7.062015503875969,0.09612403100775194,545.7054263565891,2.4558139534883723,14.89922480620155
95,1,,,,,,,,,
95,2,329.0,306556.6282245827,4.072837632776935,0.0,8.649468892261002,0.661608497723824,503.69802731411227,8.204855842185129,14.874051593323218
95,3,148.0,6877166.723905724,8.107744107744107,0.0,18.90909090909091,1.387205387205387,767.7575757575758,16.474747474747474,32.148148148148145
95,4,210.5,117358.54502369669,2.2393364928909953,0.0,6.61611374407583,0.22748815165876776,349.22274881516586,3.353080568720379,9.040284360189574
95,5,217.5,1065034.5711009174,4.860091743119266,0.0,10.311926605504587,0.2981651376146789,408.95183486238534,2.9426605504587156,18.029816513761467
95,6,365.0,612907.0998632011,1.7181942544459645,0.0,7.321477428180574,0.08755129958960328,295.9466484268126,2.047879616963064,14.551299589603284
96,1,252.5,227243.01185770752,0.48023715415019763,0.0,5.808300395256917,0.6996047430830039,545.4209486166008,1.6304347826086956,10.707509881422926
96,2,241.5,576932.5599173554,3.09297520661157,0.0,6.225206611570248,0.7231404958677686,397.42148760330576,4.367768595041323,15.65702479338843
96,3,,,,,,,,,
96,4,217.0,185868.2528735632,0.5655172413793104,0.0,4.036781609195402,0.30344827586206896,388.1034482758621,5.328735632183908,10.724137931034482
96,5,171.0,292685.30029154517,1.5276967930029155,0.0,5.661807580174927,0.4489795918367347,531.0466472303207,6.947521865889213,14.900874635568513
96,6,316.5,355378.8596214511,1.0567823343848581,0.0,6.520504731861199,0.138801261829653,611.7649842271294,0.7949526813880127,14.763406940063092
97,1,149.5,217025.66333333333,0.0,0.0,7.803333333333334,0.4866666666666667,412.0566666666667,3.8366666666666664,13.16
97,2,207.0,2466800.978313253,0.3373493975903614,0.0,8.356626506024096,0.5301204819277109,432.4313253012048,14.313253012048193,21.689156626506023
97,3,134.5,4126937.4555555554,8.381481481481481,0.0,16.488888888888887,1.4592592592592593,875.7666666666667,15.896296296296295,34.955555555555556
97,4,199.5,464650.705,5.5775,0.0,5.2875,0.21,1133.435,5.3575,12.6275
97,5,,,,,,,,,
97,6,197.0,312178.10632911394,2.311392405063291,0.005063291139240506,9.974683544303797,0.17721518987341772,1464.7544303797467,3.820253164556962,14.341772151898734
98,1,177.0,399610.214084507,19.571830985915494,0.0,5.763380281690141,0.028169014084507043,323.0056338028169,4.369014084507042,16.75211267605634
98,2,42.5,10446837.220930232,50.77906976744186,0.0,8.848837209302326,0.046511627906976744,383.1860465116279,15.895348837209303,45.22093023255814
98,3,124.5,12057037.096,15.24,0.008,11.224,0.048,714.424,18.324,42.796
98,4,153.5,756066.1396103896,1.0032467532467533,0.0,7.14935064935065,0.33116883116883117,355.3084415584416,5.798701298701299,16.76948051948052
98,5,171.0,245111.42857142858,2.0699708454810497,0.0,6.163265306122449,0.011661807580174927,309.95626822157436,5.373177842565598,12.559766763848396
98,6,283.5,568349.5422535212,1.4735915492957747,0.0,6.926056338028169,0.0035211267605633804,411.4823943661972,2.163732394366197,16.683098591549296
99,1,,,,,,,,,
99,2,172.0,1694271.736231884,0.0,0.0,9.83768115942029,0.8405797101449275,194.1304347826087,9.16231884057971,23.66376811594203
99,3,184.0,3246543.972899729,12.829268292682928,0.0,11.311653116531165,1.1490514905149052,588.4552845528456,10.699186991869919,25.655826558265584
99,4,222.0,206254.64269662922,2.7685393258426965,0.0,5.9820224719101125,0.11235955056179775,337.29213483146066,2.878651685393258,9.258426966292134
99,5,196.0,563679.1908396947,3.653944020356234,0.0,8.229007633587786,0.24936386768447838,411.55725190839695,6.150127226463105,15.422391857506362
99,6,263.5,988569.3333333334,2.471590909090909,0.0,10.390151515151516,0.09848484848484848,496.032196969697,2.085227272727273,17.939393939393938
100,1,406.5,69421.41646191647,1.0147420147420148,0.0,4.50982800982801,0.26044226044226043,231.33660933660934,1.8906633906633907,7.233415233415234
100,2,269.0,466643.55287569575,2.693877551020408,0.0,6.5602968460111315,0.5862708719851577,346.62894248608535,6.829313543599258,14.072356215213357
100,3,225.0,1443982.8536585367,8.01108647450111,0.0,10.509977827050998,0.8470066518847007,477.2062084257206,8.252771618625276,20.08869179600887
100,4,,,,,,,,,
100,5,154.5,469802.5064516129,2.92258064516129,0.0,8.296774193548387,0.3096774193548387,379.0064516129032,8.912903225806451,16.496774193548386
100,6,,,,,,,,,
101,1,199.0,596301.0125313284,1.4987468671679198,0.0,7.275689223057644,0.5112781954887218,468.9273182957393,1.862155388471178,14.746867167919799
101,2,218.5,557776.9634703196,0.0,0.0,7.114155251141552,0.730593607305936,544.8264840182649,5.5479452054794525,19.429223744292237
101,3,94.5,8856937.37368421,9.689473684210526,0.0,13.789473684210526,1.231578947368421,1068.4,17.48421052631579,55.873684210526314
101,4,,,,,,,,,
101,5,129.5,195921.55384615384,0.0,0.0,6.6461538461538465,0.4307692307692308,647.8269230769231,5.096153846153846,16.326923076923077
101,6,,,,,,,,,
102,1,332.5,84782.57207207207,1.2057057057057057,0.006006006006006006,5.3258258258258255,0.07507507507507508,278.978978978979,2.250750750750751,7.444444444444445
102,2,311.0,413740.79935794545,0.0,0.0,0.0032102728731942215,0.0,0.08186195826645265,5.121990369181381,12.141252006420546
102,3,155.0,3394824.797427653,7.276527331189711,0.006430868167202572,12.665594855305466,1.1639871382636655,520.0225080385852,17.456591639871384,27.790996784565916
102,4,,,,,,,,,
102,5,121.5,719909.0040983607,4.188524590163935,0.0,7.05327868852459,0.4918032786885246,429.67622950819674,10.557377049180328,18.918032786885245
102,6,321.5,459424.01863354037,1.1832298136645962,0.0,6.990683229813665,0.09627329192546584,390.7173913043478,0.8322981366459627,11.961180124223603
103,1,,,,,,,,,
103,2,239.5,1632221.7020833334,4.202083333333333,0.0,6.566666666666666,0.4708333333333333,161.72708333333333,12.33125,17.770833333333332
103,3,,,,,,,,,
103,4,,,,,,,,,
103,5,255.5,391977.453125,1.07421875,0.0,7.3515625,0.2109375,182.310546875,3.755859375,13.255859375
103,6,,,,,,,,,
104,1,152.5,326852.5653594771,0.0,0.0,6.529411764705882,0.45751633986928103,157.11111111111111,9.42156862745098,16.72875816993464
104,2,204.5,1451184.5048780488,2.1121951219512196,0.0,7.775609756097561,0.14634146341463414,427.780487804878,10.139024390243902,18.25121951219512
104,3,,,,,,,,,
104,4,,,,,,,,,
104,5,172.5,180936.83815028903,3.979768786127168,0.0,7.063583815028902,0.18497109826589594,373.21965317919074,8.127167630057803,12.263005780346822
104,6,440.0,119157.9216799092,1.6753688989784337,0.0,5.695800227014756,0.10669693530079455,390.1441543700341,1.6367763904653803,10.103291713961408
105,1,167.5,259272.19345238095,0.005952380952380952,0.0,7.372023809523809,0.05952380952380952,331.1517857142857,5.410714285714286,14.318452380952381
105,2,,,,,,,,,
105,3,62.0,25417587.808,0.112,0.0,11.984,0.032,562.768,15.136,59.888
105,4,,,,,,,,,
105,5,,,,,,,,,
105,6,,,,,,,,,
106,1,,,,,,,,,
106,2,,,,,,,,,
106,3,195.0,3262254.611253197,6.130434782608695,0.020460358056265986,11.524296675191815,0.9411764705882353,2456.289002557545,11.915601023017903,20.687979539641944
106,4,,,,,,,,,
106,5,,,,,,,,,
106,6,,,,,,,,,
107,1,,,,,,,,,
107,2,312.5,1454408.857827476,7.861022364217252,0.025559105431309903,7.5814696485623,0.26198083067092653,499.6214057507987,9.180511182108626,21.54153354632588
107,3,217.0,3512522.8206896554,10.457471264367816,0.0,7.905747126436782,0.6344827586206897,477.58620689655174,17.131034482758622,26.57471264367816
107,4,,,,,,,,,
107,5,,,,,,,,,
107,6,,,,,,,,,
108,1,233.5,475855.43803418806,1.1324786324786325,0.0,6.038461538461538,0.2564102564102564,235.96794871794873,1.7264957264957266,13.752136752136753
108,2,,,,,,,,,
108,3,,,,,,,,,
108,4,,,,,,,,,
108,5,,,,,,,,,
108,6,,,,,,,,,
109,1,496.5,58490.91649899397,1.4456740442655935,0.0,5.0261569416499,0.11468812877263582,362.57042253521126,1.5462776659959758,6.254527162977867
109,2,,,,,,,,,
109,3,,,,,,,,,
109,4,,,,,,,,,
109,5,,,,,,,,,
109,6,,,,,,,,,
110,1,192.0,387380.8935064935,1.5558441558441558,0.0,7.974025974025974,0.412987012987013,343.574025974026,2.2675324675324675,11.766233766233766
110,2,,,,,,,,,
110,3,,,,,,,,,
110,4,,,,,,,,,
110,5,,,,,,,,,
110,6,,,,,,,,,
111,1,237.5,156005.32773109243,0.0,0.0,7.563025210084033,0.5714285714285714,294.3046218487395,2.302521008403361,11.607142857142858
111,2,,,,,,,,,
111,3,,,,,,,,,
111,4,,,,,,,,,
111,5,,,,,,,,,
111,6,,,,,,,,,
112,1,177.5,347176.47191011236,0.9269662921348315,0.0056179775280898875,6.615168539325842,0.37640449438202245,489.0477528089888,2.50561797752809,15.213483146067416
112,2,,,,,,,,,
112,3,,,,,,,,,
112,4,,,,,,,,,
112,5,,,,,,,,,
112,6,,,,,,,,,
113,1,272.5,234119.0989010989,0.0,0.0,6.228937728937729,0.46153846153846156,251.97252747252747,2.6776556776556775,13.113553113553113
113,2,,,,,,,,,
113,3,,,,,,,,,
113,4,,,,,,,,,
113,5,,,,,,,,,
113,6,,,,,,,,,
114,1,315.0,138682.63866877972,0.0,0.0,4.879556259904913,0.03169572107765452,131.24405705229793,3.248811410459588,10.106180665610143
114,2,,,,,,,,,
114,3,,,,,,,,,
114,4,,,,,,,,,
114,5,,,,,,,,,
114,6,,,,,,,,,
115,1,224.5,240964.08444444445,7.868888888888889,0.0,5.782222222222222,0.5777777777777777,347.2422222222222,1.8311111111111111,14.2
115,2,,,,,,,,,
115,3,,,,,,,,,
115,4,,,,,,,,,
115,5,,,,,,,,,
115,6,,,,,,,,,
